DATE,AQI,PM2.5 AVG,PM2.5 MIN,PM2.5 MAX,PM10 AVG,PM10 MIN,PM10 MAX,NO2 AVG,NO2 MIN,NO2 MAX,NH3 AVG,NH3 MIN,NH3 MAX,SO2 AVG,SO2 MIN,SO2 MAX,CO AVG,CO MIN,CO MAX,OZONE AVG,OZONE MIN,OZONE MAX,PROMINENT POLLUTENT,MAX TEMP,MIN TEMP,HUMIDITY
2017-03-25,75,75,45,210,74,50,110.0,28,40,180.0,3,2,3,2,1,4,34,1,49,38,21,70.0,PM2.5,36,18,32.0
2017-03-26,82,82,47,153,75,65,86.0,29,26,31.0,3,2,3,3,1,3,32,7,55,30,8,70.0,PM2.5,38,19,23.0
2017-03-27,72,72,63,150,71,45,98.0,38,34,40.0,3,3,3,7,2,15,40,10,68,26,18,53.0,PM2.5,40,20,14.0
2017-03-28,80,78,63,88,80,73,87.0,39,37,40.0,3,3,3,6,5,7,25,12,48,21,4,71.0,PM10,40,21,36.0
2017-03-29,73,64,53,75,73,63,86.0,38,36,41.0,3,2,4,5,1,8,35,20,54,32,6,56.0,PM10,40,23,31.0
2017-03-30,75,75,49,120,74,60,109.0,39,36,41.0,3,3,3,6,2,8,35,17,64,29,8,44.0,PM2.5,40,23,31.0
2017-03-31,78,78,49,146,72,60,112.0,40,30,46.0,3,3,4,5,2,8,42,17,72,14,9,51.0,PM2.5,41,23,30.0
2017-04-01,52,38,19,61,35,24,54.0,20,10,24.0,3,2,3,4,1,7,40,20,65,44,15,66.0,CO,40,24,16.0
2017-04-02,59,53,11,191,59,22,104.0,18,8,20.0,2,1,2,6,2,10,30,18,45,40,7,77.0,PM10,40,21,14.0
2017-04-03,70,62,32,114,70,41,122.0,10,7,18.0,2,1,2,9,1,16,28,11,46,47,18,68.0,PM10,39,22,14.0
2017-04-04,70,70,49,100,63,42,100.0,12,6,24.0,2,1,2,9,1,18,32,9,40,50,6,87.0,PM2.5,39,23,23.0
2017-04-05,88,88,79,99,85,76,95.0,6,5,9.0,1,1,1,6,3,12,29,12,41,40,8,60.0,PM2.5,36,20,51.0
2017-04-06,75,75,56,139,69,43,110.0,6,4,11.0,1,1,1,5,2,7,30,16,48,39,6,62.0,PM2.5,36,21,40.0
2017-04-07,86,86,64,112,82,61,101.0,9,4,12.0,1,1,1,5,1,9,29,12,56,40,14,75.0,PM2.5,33,20,29.0
2017-04-08,88,88,63,173,81,61,121.0,7,6,9.0,1,1,1,5,1,13,46,30,57,31,6,65.0,PM2.5,33,17,20.0
2017-04-09,87,87,68,162,81,65,117.0,8,4,14.0,1,1,1,4,1,7,38,27,50,45,7,80.0,PM2.5,33,18,15.0
2017-04-10,48,32,22,73,31,22,70.0,9,2,10.0,3,3,3,7,1,21,48,20,88,40,10,78.0,CO,34,17,15.0
2017-04-11,39,39,22,50,36,22,54.0,2,1,8.0,3,2,3,19,6,17,37,25,40,30,14,46.0,PM2.5,38,19,14.0
2017-04-12,99,99,54,148,76,39,99.0,19,9,29.0,1,1,5,11,7,18,9,3,41,28,12,54.0,PM2.5,40,21,13.0
2017-04-13,105,105,57,158,100,64,172.0,17,6,36.0,1,1,1,11,2,20,12,6,38,26,10,52.0,PM2.5,42,21,11.0
2017-04-14,114,91,54,143,114,67,145.0,15,12,19.0,1,1,2,9,1,19,17,5,29,30,11,41.0,PM10,42,23,10.0
2017-04-15,100,86,46,128,100,41,181.0,17,13,33.0,1,1,2,12,2,33,34,8,75,38,15,55.0,PM10,43,24,11.0
2017-04-16,60,60,28,96,58,24,98.0,15,8,17.0,1,1,1,9,2,29,27,5,118,25,9,52.0,PM2.5,44,25,11.0
2017-04-17,60,52,24,78,60,22,85.0,16,15,18.0,1,1,1,9,5,16,22,5,63,19,10,33.0,PM10,42,26,12.0
2017-04-18,86,75,37,111,86,67,107.0,16,14,17.0,1,1,1,8,6,12,26,5,73,35,6,49.0,PM10,43,24,16.0
2017-04-19,90,70,30,101,90,56,80.0,14,10,18.0,2,1,2,10,5,18,20,3,48,35,11,53.0,PM10,41,28,19.0
2017-04-20,104,104,68,294,89,65,148.0,12,11,12.0,1,1,1,11,1,26,88,44,114,43,12,63.0,PM2.5,44,27,20.0
2017-04-21,101,101,68,172,98,78,120.0,4,1,8.0,1,1,1,11,2,21,70,23,118,46,8,67.0,PM2.5,43,28,19.0
2017-04-22,104,104,72,159,91,69,116.0,11,8,18.0,1,1,1,6,1,11,48,15,100,43,8,75.0,PM2.5,42,29,20.0
2017-04-23,93,93,71,137,86,68,109.0,6,3,11.0,1,1,1,6,2,9,33,26,41,42,10,65.0,PM2.5,41,27,21.0
2017-04-24,111,111,73,298,93,70,161.0,7,4,16.0,1,1,1,4,1,9,30,16,45,42,9,64.0,PM2.5,42,25,14.0
2017-04-25,73,73,62,129,69,59,106.0,7,4,11.0,1,1,1,4,1,6,37,24,46,26,10,60.0,PM2.5,40,24,16.0
2017-04-26,97,97,64,184,84,61,124.0,8,3,17.0,1,1,1,4,2,8,35,15,48,42,6,58.0,PM2.5,43,26,15.0
2017-04-27,88,88,79,99,85,76,95.0,6,5,6.0,1,1,1,6,3,12,44,24,56,40,14,55.0,PM2.5,38,24,17.0
2017-04-28,92,92,71,139,85,68,110.0,6,4,7.0,1,1,1,5,2,7,52,36,71,44,13,61.0,PM2.5,39,25,16.0
2017-04-29,86,86,64,112,82,61,101.0,7,4,9.0,1,1,1,5,1,9,54,30,71,51,10,76.0,PM2.5,40,22,18.0
2017-04-30,88,88,63,173,81,61,121.0,7,6,9.0,1,1,1,5,1,13,46,30,57,52,7,77.0,PM2.5,41,24,16.0
2017-05-01,87,87,68,162,81,65,117.0,6,4,8.0,1,1,1,4,1,7,38,27,50,53,19,72.0,PM2.5,42,23,15.0
2017-05-02,79,79,60,137,74,57,109.0,6,4,7.0,1,1,1,5,2,9,51,29,76,54,27,76.0,PM2.5,40,24,11.0
2017-05-03,81,81,64,137,77,61,109.0,7,5,9.0,1,1,1,4,2,7,44,29,67,55,19,74.0,PM2.5,41,25,15.0
2017-05-04,92,92,82,117,87,79,103.0,8,7,8.0,1,1,1,4,4,5,63,30,82,43,34,70.0,PM2.5,41,25,14.0
2017-05-05,93,93,70,130,78,62,114.0,7,5,10.0,1,1,1,4,2,6,55,35,72,54,21,70.0,PM2.5,42,24,13.0
2017-05-06,95,95,70,169,85,67,119.0,7,6,8.0,1,1,1,3,2,5,52,40,64,48,9,71.0,PM2.5,43,26,17.0
2017-05-07,97,97,66,151,88,63,114.0,7,6,8.0,1,1,1,5,2,8,61,32,84,45,6,70.0,PM2.5,40,28,18.0
2017-05-08,92,92,68,138,86,65,109.0,8,4,18.0,1,1,1,4,1,11,54,26,77,53,11,78.0,PM2.5,42,27,22.0
2017-05-09,110,110,65,199,92,63,129.0,11,7,18.0,1,1,1,7,1,17,62,20,103,54,8,86.0,PM2.5,42,29,22.0
2017-05-10,124,124,75,293,102,71,,9,6,17.0,1,1,1,5,1,10,49,36,60,45,7,70.0,PM2.5,42,30,29.0
2017-05-11,114,114,68,282,92,66,149.0,6,4,8.0,1,1,1,7,2,15,54,40,77,50,22,81.0,PM2.5,43,31,30.0
2017-05-12,101,101,64,211,87,62,133.0,8,6,17.0,1,1,1,5,1,12,59,26,84,45,14,78.0,PM2.5,42,29,28.0
2017-05-13,95,95,66,223,86,63,137.0,8,6,12.0,1,1,1,3,1,7,51,26,73,46,11,70.0,PM2.5,43,31,25.0
2017-05-14,94,94,68,197,85,66,129.0,9,6,15.0,1,1,1,3,1,6,38,9,53,48,14,81.0,PM2.5,41,28,26.0
2017-05-15,106,106,69,197,92,66,128.0,7,5,8.0,1,1,1,5,1,11,60,29,86,45,15,74.0,PM2.5,44,29,17.0
2017-05-16,104,104,66,198,89,63,123.0,7,6,9.0,1,1,1,3,1,7,48,36,62,50,27,79.0,PM2.5,45,30,12.0
2017-05-17,119,119,67,276,96,64,146.0,5,4,8.0,1,1,1,4,1,8,44,28,55,28,10,77.0,PM2.5,43,31,13.0
2017-05-18,111,111,68,209,95,66,132.0,8,5,14.0,1,1,1,4,1,11,42,21,57,34,15,22.0,PM2.5,42,31,16.0
2017-05-19,86,86,64,161,81,62,117.0,7,6,9.0,1,1,1,5,1,8,51,33,67,49,14,68.0,PM2.5,41,32,18.0
2017-05-20,97,97,66,156,89,64,115.0,8,6,11.0,1,1,1,4,1,9,47,32,84,39,11,74.0,PM2.5,42,29,23.0
2017-05-21,89,89,67,132,83,64,108.0,7,4,14.0,1,1,1,4,1,8,43,23,59,44,15,75.0,PM2.5,43,30,22.0
2017-05-22,84,84,64,146,78,61,112.0,4,2,6.0,1,1,1,3,1,5,44,33,55,48,10,70.0,PM2.5,42,29,24.0
2017-05-23,98,98,68,168,87,65,119.0,5,4,6.0,1,1,1,4,1,9,45,31,53,28,9,73.0,PM2.5,40,27,21.0
2017-05-24,80,80,64,118,76,61,103.0,6,4,7.0,1,1,1,5,1,9,45,30,57,27,4,48.0,PM2.5,41,28,23.0
2017-05-25,91,91,62,150,84,60,113.0,6,4,8.0,1,1,1,4,1,7,54,36,66,45,25,62.0,PM2.5,41,27,25.0
2017-05-26,77,77,66,92,74,64,88.0,6,5,7.0,1,1,1,4,1,10,56,34,90,53,17,20.0,PM2.5,40,26,24.0
2017-05-27,76,76,60,125,72,58,105.0,6,5,8.0,1,1,1,4,1,8,42,28,54,43,16,77.0,PM2.5,40,30,25.0
2017-05-28,85,85,60,145,79,58,112.0,7,6,8.0,1,1,1,4,1,8,44,26,59,48,15,52.0,PM2.5,42,29,30.0
2017-05-29,77,77,63,107,74,60,99.0,7,5,15.0,1,1,1,4,1,7,40,22,55,40,20,72.0,PM2.5,41,31,35.0
2017-05-30,110,110,76,164,95,73,118.0,8,4,10.0,2,1,2,88,2,157,50,46,52,48,18,66.0,PM2.5,40,29,33.0
2017-05-31,127,127,70,280,92,70,116.0,7,6,8.0,1,1,1,19,4,28,56,48,68,35,10,71.0,PM2.5,39,28,30.0
2017-06-01,148,148,69,310,107,66,176.0,6,5,7.0,1,1,1,9,2,21,51,41,62,50,6,74.0,PM2.5,39,27,30.0
2017-06-02,125,125,58,316,96,56,183.0,8,5,14.0,1,1,1,8,1,17,42,28,51,44,8,66.0,PM2.5,43,28,17.0
2017-06-03,118,118,69,232,97,66,140.0,6,4,7.0,1,1,1,5,1,17,45,29,62,45,5,59.0,PM2.5,44,30,16.0
2017-06-04,102,102,63,216,88,61,135.0,4,2,6.0,1,1,1,7,1,17,44,31,56,38,24,54.0,PM2.5,45,29,15.0
2017-06-05,84,84,72,113,80,69,102.0,6,3,8.0,1,1,1,8,5,14,40,27,50,16,10,48.0,PM2.5,48,33,16.0
2017-06-06,111,111,68,209,110,62,173.0,2,1,4.0,1,1,1,5,3,6,39,26,48,41,12,65.0,PM2.5,47,32,18.0
2017-06-07,134,134,62,309,102,59,173.0,1,1,2.0,1,1,1,4,3,5,31,17,42,35,10,62.0,PM2.5,46,32,18.0
2017-06-08,71,71,60,90,68,57,86.0,2,1,3.0,1,1,1,5,4,7,36,29,41,38,8,70.0,PM2.5,45,30,18.0
2017-06-09,92,92,64,170,82,61,120.0,1,1,2.0,1,1,1,4,2,6,40,27,55,28,10,77.0,PM2.5,40,29,26.0
2017-06-10,84,84,62,127,79,60,106.0,1,1,3.0,1,1,1,6,3,7,44,27,58,34,8,66.0,PM2.5,42,28,22.0
2017-06-11,82,82,64,151,77,62,114.0,3,2,3.0,1,1,1,5,3,7,33,23,44,34,3,51.0,PM2.5,43,29,18.0
2017-06-12,78,78,62,120,74,60,104.0,2,1,3.0,1,1,1,4,3,6,34,25,45,30,5,42.0,PM2.5,42,32,19.0
2017-06-13,84,84,62,148,78,59,113.0,2,1,5.0,1,1,2,6,3,8,36,22,51,32,6,45.0,PM2.5,43,30,17.0
2017-06-14,122,122,65,288,94,62,158.0,6,1,8.0,2,2,2,14,5,26,40,19,70,29,8,46.0,PM2.5,42,31,20.0
2017-06-15,112,112,65,204,104,60,158.0,2,1,4.0,1,1,1,5,3,6,35,24,47,34,15,58.0,PM2.5,40,32,22.0
2017-06-16,133,133,63,299,101,59,168.0,1,1,2.0,1,1,2,3,2,5,30,16,43,35,8,54.0,PM2.5,41,31,24.0
2017-06-17,183,183,76,348,129,73,243.0,2,1,2.0,1,1,1,8,1,17,39,26,51,36,7,48.0,PM2.5,42,29,26.0
2017-06-18,209,209,95,353,142,92,253.0,2,1,3.0,1,1,1,4,1,6,45,33,53,28,10,45.0,PM2.5,40,30,34.0
2017-06-19,299,299,94,475,245,90,459.0,2,1,2.0,1,1,1,8,3,16,39,28,48,30,3,40.0,PM2.5,41,28,36.0
2017-06-20,219,219,103,375,152,98,298.0,2,1,4.0,1,1,1,10,1,16,39,37,41,26,10,59.0,PM2.5,38,27,34.0
2017-06-21,101,101,60,210,96,54,220.0,3,1,6.0,1,1,2,8,1,14,35,30,45,16,3,37.0,PM2.5,39,26,36.0
2017-06-22,91,91,63,170,88,60,136.0,7,2,10.0,1,1,1,8,2,14,43,32,48,13,2,50.0,PM2.5,37,26,38.0
2017-06-23,114,114,63,240,94,61,142.0,7,4,15.0,1,1,1,9,3,16,28,18,42,10,5,20.0,PM2.5,40,27,34.0
2017-06-24,160,160,72,359,118,69,264.0,5,2,9.0,1,1,1,8,1,18,34,24,47,12,2,16.0,PM2.5,42,28,30.0
2017-06-25,177,177,83,370,129,79,288.0,5,3,6.0,1,1,1,7,1,17,39,28,46,14,5,20.0,PM2.5,43,31,29.0
2017-06-26,207,207,82,425,154,79,412.0,5,4,6.0,1,1,1,8,1,18,41,30,57,18,8,36.0,PM2.5,40,30,35.0
2017-06-27,131,131,102,175,107,97,121.0,6,6,7.0,1,1,1,6,5,7,34,25,39,26,10,36.0,PM2.5,41,31,30.0
2017-06-28,79,65,51,88,79,62,135.0,16,11,17.0,7,7,7,4,1,6,22,14,44,30,8,46.0,PM10,36,26,80.0
2017-06-29,78,74,37,135,78,49,107.0,25,8,41.0,5,3,8,13,5,25,24,11,44,28,9,54.0,PM10,37,25,72.0
2017-06-30,114,98,56,176,114,74,173.0,29,14,71.0,6,2,10,10,5,19,30,18,38,33,8,49.0,PM2.5,34,27,65.0
2017-07-01,115,115,87,166,107,83,118.0,25,10,100.0,9,4,14,9,5,14,25,10,38,32,11,52.0,PM2.5,35,28,60.0
2017-07-02,103,88,50,154,103,81,162.0,37,8,75.0,8,2,12,10,1,18,28,8,36,42,27,56.0,PM10,36,30,52.0
2017-07-03,50,49,5,153,30,5,66.0,10,4,18.0,1,1,2,7,3,13,50,25,68,30,12,48.0,CO,38,28,55.0
2017-07-04,56,16,1,57,56,20,72.0,16,5,17.0,1,1,3,6,2,8,36,25,45,18,6,65.0,PM10,40,30,46.0
2017-07-05,79,56,8,72,79,23,90.0,12,2,15.0,1,1,4,6,4,18,22,22,37,31,8,54.0,PM10,38,28,52.0
2017-07-06,60,43,8,130,60,36,105.0,15,6,17.0,1,1,4,11,4,38,43,22,73,25,8,36.0,PM10,37,25,53.0
2017-07-07,69,21,3,50,69,21,103.0,10,5,18.0,1,1,3,6,2,20,35,14,83,21,6,51.0,PM10,38,26,56.0
2017-07-08,77,72,4,110,77,36,111.0,12,7,17.0,1,1,4,3,1,5,31,17,48,45,7,88.0,PM10,37,26,45.0
2017-07-09,96,81,9,190,96,33,147.0,10,8,17.0,1,1,2,18,2,78,75,3,112,40,11,46.0,PM10,36,28,48.0
2017-07-10,79,74,30,121,79,44,132.0,12,5,10.0,1,1,3,13,2,56,48,36,121,29,10,42.0,PM10,41,32,35.0
2017-07-11,90,90,56,210,65,38,120.0,5,1,15.0,1,1,2,18,4,66,41,28,70,31,22,56.0,PM2.5,38,31,38.0
2017-07-12,95,95,46,196,72,39,130.0,6,2,15.0,1,1,4,10,3,78,43,28,58,25,17,60.0,PM2.5,37,29,34.0
2017-07-13,96,96,40,180,82,38,110.0,6,5,7.0,2,1,2,4,1,7,38,27,53,36,12,49.0,PM2.5,38,30,40.0
2017-07-14,90,72,21,210,90,20,210.0,7,6,8.0,2,1,3,6,1,10,39,25,50,30,16,47.0,PM10,38,29,44.0
2017-07-15,78,78,26,110,70,30,170.0,7,6,8.0,2,1,3,4,1,6,65,41,86,27,14,46.0,PM2.5,38,30,45.0
2017-07-16,91,80,22,145,91,46,132.0,18,12,29.0,8,2,10,6,1,11,32,24,44,22,7,70.0,PM10,39,31,44.0
2017-07-17,65,59,29,85,65,35,97.0,16,10,29.0,7,2,10,7,1,11,36,31,43,25,18,43.0,PM10,37,30,46.0
2017-07-18,91,76,53,100,91,62,115.0,11,8,34.0,6,1,8,5,1,8,29,26,50,28,19,50.0,PM10,39,30,48.0
2017-07-19,100,100,62,233,84,59,140.0,7,1,14.0,2,1,2,6,3,10,34,15,58,31,19,37.0,PM2.5,38,29,35.0
2017-07-20,131,131,90,233,103,86,140.0,8,6,9.0,2,2,2,6,3,7,38,27,53,25,18,30.0,PM2.5,37,27,30.0
2017-07-21,168,168,91,329,123,87,202.0,8,1,15.0,2,1,3,6,5,8,39,25,50,32,24,45.0,PM2.5,35,28,32.0
2017-07-22,48,32,22,73,31,22,70.0,9,2,17.0,3,3,3,7,1,36,48,20,88,36,31,43.0,CO,36,29,28.0
2017-07-23,46,46,22,61,45,22,58.0,2,2,3.0,3,3,3,19,6,36,30,28,33,29,26,48.0,PM2.5,35,30,30.0
2017-07-24,86,86,51,94,82,49,90.0,18,10,23.0,3,3,3,10,7,12,39,20,58,30,20,41.0,PM2.5,37,31,24.0
2017-07-25,94,94,91,98,86,80,92.0,14,8,22.0,3,3,3,11,9,14,36,30,40,23,10,41.0,PM2.5,38,32,25.0
2017-07-26,96,96,88,103,88,80,96.0,12,7,26.0,2,2,3,10,9,11,28,20,39,22,11,37.0,PM2.5,36,28,56.0
2017-07-27,95,95,67,171,85,64,117.0,9,5,16.0,1,1,1,7,1,14,34,10,57,22,5,63.0,PM2.5,34,28,60.0
2017-07-28,99,99,62,110,80,60,98.0,11,5,12.0,1,1,1,9,1,12,38,20,50,27,15,34.0,PM2.5,33,27,70.0
2017-07-29,81,77,39,121,80,34,104.0,26,25,28.0,4,4,4,22,2,68,44,6,103,34,5,46.0,PM10,34,26,65.0
2017-07-30,109,109,32,178,109,75,122.0,26,22,33.0,5,4,14,10,2,27,40,6,100,25,16,55.0,PM2.5,33,28,68.0
2017-07-31,122,122,28,220,108,55,149.0,28,26,76.0,5,4,12,10,4,23,47,2,89,32,17,44.0,PM2.5,35,28,65.0
2017-08-01,137,130,60,270,137,96,170.0,28,23,83.0,4,4,5,13,5,20,48,4,119,32,12,50.0,PM10,36,28,50.0
2017-08-02,161,161,63,250,118,101,135.0,15,13,26.0,5,4,5,15,6,34,95,46,102,30,14,50.0,PM2.5,35,26,53.0
2017-08-03,126,126,53,210,100,59,148.0,14,13,25.0,5,5,5,17,8,35,33,25,100,18,8,38.0,PM2.5,36,27,55.0
2017-08-04,109,109,48,202,81,44,125.0,14,14,21.0,5,5,5,13,9,22,30,15,79,26,10,35.0,PM2.5,37,28,54.0
2017-08-05,70,70,37,100,57,31,80.0,14,13,22.0,5,5,5,11,8,23,37,3,60,30,8,45.0,PM2.5,38,29,54.0
2017-08-06,94,94,45,150,77,46,90.0,14,12,23.0,5,5,5,11,7,19,44,6,58,28,9,52.0,PM2.5,38,28,55.0
2017-08-07,93,93,65,150,83,58,120.0,14,13,29.0,5,5,5,10,8,12,24,2,68,33,8,48.0,PM2.5,37,27,50.0
2017-08-08,143,143,29,220,106,73,148.0,14,13,20.0,5,5,5,14,9,22,56,9,96,32,11,56.0,PM2.5,38,29,53.0
2017-08-09,125,125,65,170,104,79,130.0,14,13,24.0,5,5,5,10,2,19,51,7,76,28,15,35.0,PM2.5,37,26,58.0
2017-08-10,103,103,37,169,93,39,110.0,12,10,35.0,8,2,12,10,1,13,30,12,48,28,12,45.0,PM2.5,39,28,53.0
2017-08-11,87,72,38,162,87,49,130.0,20,18,40.0,4,4,4,8,4,10,18,6,65,18,10,55.0,PM10,38,28,53.0
2017-08-12,66,56,17,80,66,52,98.0,24,17,48.0,5,4,7,10,4,19,24,11,68,31,12,58.0,PM10,37,28,54.0
2017-08-13,52,52,14,65,45,29,69.0,22,10,39.0,6,6,7,6,2,23,48,12,59,30,16,50.0,PM2.5,36,26,55.0
2017-08-14,50,23,11,47,30,20,39.0,28,18,32.0,6,6,7,4,3,9,46,24,58,22,12,51.0,CO,36,27,56.0
2017-08-15,52,26,16,56,29,23,47.0,32,19,36.0,6,6,7,4,2,8,47,20,62,18,8,42.0,CO,35,27,53.0
2017-08-16,66,66,14,91,65,1,125.0,29,16,35.0,6,5,6,5,3,10,42,12,60,19,9,41.0,PM2.5,34,26,54.0
2017-08-17,51,51,10,78,44,12,70.0,16,13,21.0,1,1,1,9,1,15,38,25,73,25,10,40.0,PM10,34,25,50.0
2017-08-18,54,54,11,74,36,12,60.0,16,10,18.0,1,1,1,11,6,23,37,23,47,30,15,35.0,PM2.5,35,28,55.0
2017-08-19,45,45,15,70,43,19,78.0,20,11,36.0,2,1,5,8,2,18,30,27,45,25,12,36.0,PM2.5,35,26,60.0
2017-08-20,62,62,22,90,42,17,67.0,34,30,39.0,5,5,6,9,3,18,37,24,41,24,11,33.0,PM2.5,36,25,59.0
2017-08-21,55,30,18,70,55,29,87.0,35,29,38.0,5,5,5,21,5,94,33,18,51,23,9,35.0,PM10,36,26,54.0
2017-08-22,70,70,37,94,57,31,74.0,14,13,16.0,5,5,5,11,8,23,37,6,60,22,8,33.0,PM2.5,38,25,55.0
2017-08-23,94,94,45,167,77,46,103.0,14,12,14.0,5,5,5,11,7,19,44,6,58,26,7,40.0,PM2.5,37,26,59.0
2017-08-24,126,126,53,237,100,59,151.0,14,13,25.0,5,5,5,17,8,35,33,25,100,24,6,31.0,PM2.5,36,27,58.0
2017-08-25,109,109,48,207,81,44,123.0,14,14,21.0,5,5,5,13,9,22,30,15,79,22,5,32.0,PM2.5,37,27,54.0
2017-08-26,93,93,65,153,83,58,112.0,14,13,15.0,5,5,5,10,8,12,24,2,68,29,4,36.0,PM2.5,36,28,50.0
2017-08-27,109,107,71,192,109,77,135.0,25,14,31.0,6,3,9,7,4,15,43,10,63,29,3,55.0,PM10,38,26,48.0
2017-08-28,129,129,67,198,108,80,131.0,22,12,26.0,8,4,11,7,2,14,40,28,59,18,8,45.0,PM2.5,37,24,52.0
2017-08-29,130,130,72,220,120,75,199.0,23,18,35.0,5,2,9,9,2,20,42,18,54,20,9,40.0,PM2.5,36,25,57.0
2017-08-30,160,151,86,228,160,126,194.0,25,25,25.0,2,2,2,12,4,29,38,23,54,22,7,42.0,PM10,37,26,51.0
2017-08-31,152,142,94,240,152,125,200.0,30,20,48.0,2,2,2,18,5,59,38,21,54,15,8,40.0,PM10,36,26,65.0
2017-09-01,171,171,96,272,159,115,202.0,35,25,55.0,2,2,2,11,5,25,44,19,54,18,7,39.0,PM2.5,36,25,71.0
2017-09-02,153,134,85,304,153,102,261.0,32,25,58.0,2,2,2,8,4,26,32,6,123,29,3,35.0,PM10,36,24,60.0
2017-09-03,164,122,68,319,164,114,478.0,28,25,41.0,2,1,3,7,3,13,36,24,70,15,11,23.0,PM10,35,25,53.0
2017-09-04,125,83,33,200,125,74,337.0,36,25,46.0,2,2,2,10,4,24,39,22,66,12,8,22.0,PM10,36,24,56.0
2017-09-05,139,104,62,176,139,67,193.0,37,25,42.0,2,2,2,8,5,18,42,24,68,10,7,42.0,PM10,34,25,53.0
2017-09-06,126,122,14,183,126,86,169.0,31,25,49.0,2,2,2,11,2,54,35,20,75,11,8,15.0,PM10,35,25,50.0
2017-09-07,138,136,66,274,138,84,206.0,35,23,45.0,2,2,2,12,6,28,51,45,66,10,6,35.0,PM10,36,24,52.0
2017-09-08,96,83,41,136,96,62,146.0,45,41,53.0,9,5,18,16,3,28,30,23,49,12,5,27.0,PM10,35,26,48.0
2017-09-09,112,101,51,180,112,78,137.0,41,30,82.0,7,5,16,12,4,26,36,26,48,13,4,23.0,PM10,37,27,47.0
2017-09-10,111,89,59,135,111,85,140.0,40,32,70.0,10,8,20,10,6,29,28,20,41,14,5,20.0,PM10,38,25,46.0
2017-09-11,115,92,67,144,115,78,145.0,42,34,60.0,18,9,22,11,5,30,30,12,55,15,6,34.0,PM10,38,24,40.0
2017-09-12,150,150,84,202,113,74,181.0,55,20,85.0,17,10,29,14,3,29,42,18,82,17,8,35.0,PM2.5,37,25,35.0
2017-09-13,155,155,70,210,124,84,172.0,70,40,99.0,15,9,25,10,3,20,42,12,81,13,9,22.0,PM2.5,37,24,35.0
2017-09-14,135,135,60,220,120,83,170.0,72,54,93.0,17,10,25,12,2,19,40,17,79,11,8,23.0,PM2.5,35,24,36.0
2017-09-15,212,212,100,260,147,70,216.0,98,86,109.0,16,10,30,5,1,10,73,35,110,11,7,19.0,PM2.5,38,23,37.0
2017-09-16,159,159,55,296,143,94,203.0,81,66,89.0,10,9,10,5,1,10,43,6,80,10,8,25.0,PM2.5,37,22,40.0
2017-09-17,119,103,50,224,119,81,165.0,78,69,84.0,10,9,10,4,1,10,39,23,72,14,9,22.0,PM10,38,23,30.0
2017-09-18,231,231,65,356,207,90,410.0,169,83,192.0,14,9,16,13,4,27,66,19,114,17,6,32.0,PM2.5,36,22,32.0
2017-09-19,255,255,98,343,204,114,343.0,100,44,196.0,15,13,16,19,11,29,59,23,97,18,5,35.0,PM2.5,38,21,37.0
2017-09-20,212,212,69,305,160,100,204.0,35,4,70.0,11,3,13,6,1,17,48,1,73,19,8,38.0,PM2.5,39,21,31.0
2017-09-21,797,175,79,333,204,124,367.0,797,270,900.0,143,1,250,7,1,21,35,21,66,20,7,56.0,NO2,38,22,32.0
2017-09-22,769,202,93,337,212,130,426.0,769,50,900.0,188,8,250,8,1,25,27,10,104,12,5,33.0,NO2,37,21,40.0
2017-09-23,103,79,37,169,93,39,149.0,103,39,306.0,14,2,204,9,1,32,30,12,48,15,6,36.0,NO2,36,20,42.0
2017-09-24,87,72,38,162,87,49,130.0,20,18,22.0,4,4,4,10,1,26,18,6,65,13,5,25.0,PM10,37,21,40.0
2017-09-25,241,123,78,243,139,105,197.0,241,20,900.0,10,4,50,12,1,16,31,8,54,13,1,29.0,NO2,38,22,44.0
2017-09-26,158,146,81,243,158,125,197.0,21,18,23.0,6,4,30,14,1,16,25,8,36,15,9,26.0,PM10,38,21,40.0
2017-09-27,156,121,56,332,156,108,356.0,19,19,20.0,5,4,25,13,1,22,21,6,51,14,3,22.0,PM10,37,20,43.0
2017-09-28,145,101,48,164,145,119,176.0,20,19,21.0,4,4,18,4,1,10,60,7,104,14,2,31.0,PM10,38,22,38.0
2017-09-29,143,99,75,167,143,122,172.0,20,18,22.0,8,4,17,12,1,21,45,11,46,13,2,31.0,PM10,37,21,35.0
2017-09-30,151,129,88,209,151,113,191.0,18,10,24.0,4,2,12,10,1,14,60,15,84,20,11,46.0,PM10,39,21,22.0
2017-10-01,155,101,72,177,155,123,246.0,21,20,22.0,6,4,10,9,1,16,41,30,56,21,10,35.0,PM10,38,21,25.0
2017-10-02,92,85,73,185,92,108,257.0,10,19,20.0,5,1,15,8,1,17,38,22,55,15,6,31.0,PM10,37,20,28.0
2017-10-03,171,171,95,324,153,151,483.0,19,8,31.0,6,1,13,6,1,20,38,24,51,13,7,24.0,PM2.5,38,21,22.0
2017-10-04,151,151,106,179,90,158,206.0,8,13,26.0,7,2,18,10,2,30,38,29,63,16,2,28.0,PM2.5,37,20,27.0
2017-10-05,184,136,62,304,184,135,273.0,20,16,27.0,9,3,12,4,1,12,47,22,62,13,2,27.0,PM10,37,20,24.0
2017-10-06,154,125,76,218,154,123,198.0,19,16,23.0,7,3,17,6,1,20,25,12,54,11,5,29.0,PM10,36,20,29.0
2017-10-07,164,153,77,301,164,122,256.0,20,7,27.0,8,3,10,9,1,39,32,10,65,18,4,26.0,PM10,35,21,30.0
2017-10-08,211,202,28,323,211,133,404.0,31,7,133.0,29,3,35,7,1,35,35,16,50,10,3,24.0,PM10,37,22,38.0
2017-10-09,252,233,93,320,252,150,404.0,55,39,72.0,15,11,19,7,1,25,36,26,49,12,8,26.0,PM10,36,21,34.0
2017-10-10,282,282,193,342,280,188,420.0,62,40,130.0,12,8,14,9,1,24,40,22,55,7,2,18.0,PM2.5,37,21,24.0
2017-10-11,253,241,120,310,253,167,500.0,63,50,83.0,10,7,42,10,3,23,47,21,62,8,4,20.0,PM10,35,22,25.0
2017-10-12,355,274,84,500,355,171,283.0,67,52,76.0,11,8,15,4,1,16,42,16,55,9,2,13.0,PM10,36,21,31.0
2017-10-13,374,268,167,314,374,169,318.0,65,32,81.0,10,6,35,5,1,20,30,18,46,6,5,27.0,PM10,38,20,20.0
2017-10-14,364,270,151,309,364,167,287.0,57,44,66.0,9,5,8,8,1,12,26,12,48,7,3,25.0,PM10,37,21,18.0
2017-10-15,327,268,137,339,327,155,500.0,63,44,102.0,7,5,9,9,2,30,29,10,42,15,10,30.0,PM10,37,21,18.0
2017-10-16,251,234,114,349,251,129,500.0,75,51,97.0,7,5,10,12,2,21,31,22,56,13,10,23.0,PM10,37,21,20.0
2017-10-17,262,253,81,317,262,128,482.0,67,56,82.0,5,3,6,6,3,15,28,17,60,14,11,19.0,PM10,36,22,17.0
2017-10-18,306,267,100,411,306,201,500.0,72,32,108.0,5,2,8,9,4,18,36,12,49,17,10,42.0,PM10,35,20,22.0
2017-10-19,315,232,85,324,315,173,500.0,59,34,92.0,5,2,8,6,1,10,30,16,47,15,10,28.0,PM10,34,21,21.0
2017-10-20,403,403,59,500,402,148,498.0,74,41,129.0,10,2,26,8,1,21,27,14,46,16,12,30.0,PM2.5,36,21,23.0
2017-10-21,358,358,270,429,334,176,500.0,117,84,138.0,16,12,19,8,1,16,25,7,97,17,11,51.0,PM2.5,33,20,25.0
2017-10-22,363,346,215,405,363,174,493.0,133,102,148.0,13,5,17,9,1,17,32,8,53,16,11,41.0,PM10,34,21,28.0
2017-10-23,400,393,314,500,400,205,500.0,150,129,169.0,15,13,18,12,1,25,35,14,78,28,15,50.0,PM10,35,18,24.0
2017-10-24,349,349,301,397,308,191,500.0,143,132,160.0,14,12,16,10,1,23,45,18,70,36,10,49.0,PM2.5,33,19,22.0
2017-10-25,395,359,178,413,395,194,500.0,147,89,163.0,14,9,15,9,1,24,50,16,80,29,12,51.0,PM10,32,17,25.0
2017-10-26,294,293,152,333,294,178,399.0,147,76,178.0,16,8,20,8,1,25,41,17,76,28,10,52.0,PM10,32,18,25.0
2017-10-27,357,332,301,402,357,212,500.0,179,154,220.0,18,15,23,7,1,26,46,14,109,18,7,45.0,PM10,31,18,26.0
2017-10-28,313,313,206,354,290,181,402.0,173,149,188.0,16,13,19,6,1,24,53,30,95,14,9,32.0,PM2.5,32,17,27.0
2017-10-29,247,247,74,387,170,76,273.0,65,21,103.0,10,4,16,14,3,30,43,18,88,15,8,24.0,PM2.5,31,17,28.0
2017-10-30,276,276,191,342,201,115,405.0,48,20,70.0,6,3,9,9,1,16,39,19,78,25,17,55.0,PM2.5,30,18,30.0
2017-10-31,284,284,158,336,188,133,238.0,48,26,84.0,5,1,7,12,5,56,48,22,84,18,10,25.0,PM2.5,32,17,27.0
2017-11-01,299,299,193,346,198,117,485.0,55,3,88.0,5,3,9,6,1,15,56,21,99,17,10,36.0,PM2.5,32,16,28.0
2017-11-02,316,316,226,380,279,197,445.0,162,129,188.0,15,11,19,5,2,10,51,31,103,16,9,29.0,PM2.5,31,18,27.0
2017-11-03,333,333,309,374,309,204,453.0,158,136,179.0,15,11,17,6,1,12,58,38,100,16,7,25.0,PM2.5,30,17,30.0
2017-11-04,308,308,178,453,274,166,500.0,152,129,176.0,15,11,18,7,1,11,54,29,115,18,5,26.0,PM2.5,31,17,34.0
2017-11-05,355,355,99,484,330,230,500.0,154,128,177.0,15,11,19,10,2,18,52,33,103,17,3,24.0,PM2.5,31,18,32.0
2017-11-06,373,355,270,422,373,192,500.0,143,105,170.0,14,10,17,9,1,12,54,28,94,12,4,29.0,PM10,30,18,27.0
2017-11-07,288,284,74,402,288,150,500.0,146,95,171.0,14,10,17,8,1,11,60,36,94,13,3,28.0,PM10,31,17,24.0
2017-11-08,276,273,86,478,276,144,500.0,152,118,180.0,14,10,17,6,1,14,61,38,97,14,2,26.0,PM10,30,18,23.0
2017-11-09,309,30,181,420,280,175,500.0,188,154,282.0,16,12,25,5,1,13,64,36,120,14,5,30.0,PM2.5,31,18,20.0
2017-11-10,362,362,317,421,362,265,500.0,242,162,342.0,21,13,30,4,1,15,69,32,129,15,4,34.0,PM2.5,32,17,23.0
2017-11-11,330,330,232,467,313,184,500.0,185,157,211.0,16,13,19,9,1,20,60,32,92,12,4,36.0,PM2.5,31,17,30.0
2017-11-12,331,331,232,422,327,211,500.0,182,150,209.0,16,12,20,10,1,21,62,32,92,10,3,35.0,PM2.5,29,16,35.0
2017-11-13,406,379,239,500,406,188,500.0,151,117,181.0,14,11,17,6,1,14,70,36,104,12,2,22.0,PM10,30,15,36.0
2017-11-14,368,352,198,466,368,184,500.0,158,136,179.0,16,13,19,4,1,12,65,11,124,14,2,30.0,PM10,29,16,34.0
2017-11-15,316,316,70,500,302,88,500.0,150,129,169.0,14,12,16,6,1,16,49,20,101,10,1,30.0,PM2.5,28,16,37.0
2017-11-16,92,76,46,95,92,53,119.0,20,19,23.0,3,3,3,5,1,31,27,12,44,10,3,34.0,PM10,27,15,38.0
2017-11-17,189,189,41,314,163,60,303.0,137,86,203.0,8,6,11,29,1,125,39,9,75,10,4,29.0,PM2.5,28,16,39.0
2017-11-18,160,141,82,211,138,105,189.0,160,31,248.0,10,6,13,8,1,22,30,5,60,10,5,29.0,NO2,26,14,25.0
2017-11-19,166,166,73,281,145,97,186.0,137,76,157.0,12,9,14,6,1,13,32,18,46,10,3,38.0,PM2.5,27,15,26.0
2017-11-20,146,146,77,304,144,110,194.0,135,123,143.0,12,12,13,7,1,10,36,26,49,12,5,24.0,PM2.5,25,13,27.0
2017-11-21,212,212,16,309,172,76,231.0,126,41,166.0,12,8,15,6,2,14,40,22,73,9,5,28.0,PM2.5,26,13,30.0
2017-11-22,312,312,133,360,292,154,390.0,121,69,141.0,11,9,13,10,1,21,47,21,78,10,2,34.0,PM2.5,27,14,32.0
2017-11-23,251,251,93,327,222,121,312.0,123,114,137.0,12,11,13,12,5,20,42,31,65,10,2,33.0,PM2.5,25,15,33.0
2017-11-24,244,244,68,330,226,108,333.0,127,89,155.0,13,10,16,11,1,30,50,23,102,11,2,37.0,PM2.5,26,14,32.0
2017-11-25,253,253,88,365,230,133,410.0,131,70,175.0,12,9,15,15,2,31,42,6,79,13,2,39.0,PM2.5,28,13,15.0
2017-11-26,361,301,90,398,361,136,500.0,151,84,202.0,15,10,20,13,7,19,74,27,114,30,15,41.0,PM10,28,14,20.0
2017-11-27,264,264,180,348,240,178,392.0,97,75,116.0,11,10,12,14,10,21,42,12,72,22,12,39.0,PM2.5,28,13,22.0
2017-11-28,298,290,121,349,298,145,463.0,121,69,152.0,13,9,16,13,7,19,64,26,111,39,15,70.0,PM10,26,15,28.0
2017-11-29,336,297,90,429,336,142,500.0,124,88,153.0,13,9,17,13,5,20,65,21,106,32,19,74.0,PM10,27,13,24.0
2017-11-30,340,340,306,381,326,224,460.0,146,80,180.0,13,9,17,14,9,19,67,2,115,30,15,58.0,PM2.5,27,14,25.0
2017-12-01,233,233,94,310,191,131,259.0,145,89,181.0,11,8,13,28,4,118,48,2,183,29,17,52.0,PM2.5,26,13,30.0
2017-12-02,215,212,63,380,215,102,493.0,169,81,202.0,14,8,16,10,1,30,85,19,122,28,16,52.0,PM10,25,12,32.0
2017-12-03,298,298,129,379,284,154,439.0,214,162,259.0,17,13,21,16,1,41,100,44,149,35,5,60.0,PM2.5,24,12,30.0
2017-12-04,286,286,171,329,210,157,317.0,181,169,194.0,14,13,16,16,4,37,68,34,106,32,9,49.0,PM2.5,23,11,28.0
2017-12-05,224,224,98,322,189,139,260.0,169,83,192.0,14,9,16,13,4,27,58,9,107,33,12,58.0,PM2.5,24,11,27.0
2017-12-06,140,104,41,186,139,38,220.0,140,99,167.0,12,9,14,12,5,23,47,2,102,30,16,56.0,NO2,25,12,30.0
2017-12-07,145,76,31,148,116,68,178.0,145,130,153.0,13,12,14,14,5,29,40,20,61,35,10,54.0,NO2,24,11,35.0
2017-12-08,155,138,62,242,155,106,204.0,148,131,159.0,13,12,14,13,1,23,60,38,103,25,5,55.0,PM10,26,10,36.0
2017-12-09,218,197,80,348,218,127,441.0,168,137,189.0,14,12,16,14,1,29,75,35,113,34,12,57.0,PM10,24,11,30.0
2017-12-10,254,254,103,328,240,124,366.0,177,145,196.0,15,13,16,19,11,29,87,48,112,25,13,65.0,PM2.5,26,12,27.0
2017-12-11,147,101,41,187,121,77,152.0,147,103,161.0,13,9,14,12,2,26,48,32,101,10,6,24.0,NO2,25,11,22.0
2017-12-12,179,108,22,181,108,64,136.0,179,143,203.0,14,12,16,23,1,50,42,10,78,12,3,22.0,NO2,26,10,20.0
2017-12-13,174,105,53,221,110,80,163.0,174,4,210.0,15,9,17,5,1,11,41,20,60,10,4,18.0,NO2,24,10,15.0
2017-12-14,121,114,85,181,121,107,156.0,43,21,50.0,16,15,16,3,1,7,27,18,34,12,2,20.0,PM10,25,11,14.0
2017-12-15,96,83,41,136,96,62,146.0,45,41,53.0,16,16,16,5,1,10,30,23,49,10,4,21.0,PM10,25,11,13.0
2017-12-16,112,101,51,180,112,78,137.0,41,30,46.0,16,15,16,4,1,10,36,26,48,12,5,16.0,PM10,26,10,15.0
2017-12-17,111,89,59,135,111,85,140.0,36,32,40.0,16,16,16,3,1,10,28,20,41,9,6,23.0,PM10,25,11,18.0
2017-12-18,115,92,67,144,115,78,145.0,40,34,44.0,16,16,16,4,1,9,30,12,55,10,5,25.0,PM10,26,10,19.0
2017-12-19,139,131,59,207,139,85,185.0,39,9,49.0,16,15,16,4,1,7,39,15,68,12,4,23.0,PM10,25,11,14.0
2017-12-20,170,170,69,300,154,101,206.0,49,8,84.0,14,10,16,4,2,9,38,9,58,10,5,24.0,PM2.5,26,11,19.0
2017-12-21,312,312,196,367,290,157,416.0,98,86,109.0,10,10,11,5,1,10,73,35,110,9,2,25.0,PM2.5,25,11,20.0
2017-12-22,159,159,55,296,143,94,203.0,81,66,89.0,10,9,10,5,1,10,43,6,80,7,3,26.0,PM2.5,24,10,25.0
2017-12-23,119,103,50,224,119,81,165.0,78,69,84.0,10,9,10,4,1,10,39,23,72,9,2,24.0,PM10,23,11,30.0
2017-12-24,231,231,65,356,207,90,410.0,169,83,192.0,14,9,16,13,4,27,66,19,114,13,5,20.0,PM2.5,24,10,65.0
2017-12-25,255,255,98,343,204,114,343.0,100,44,196.0,15,13,16,19,11,29,59,23,97,15,6,34.0,PM2.5,23,11,53.0
2017-12-26,212,212,69,305,160,100,204.0,35,4,70.0,11,3,13,4,1,17,48,1,73,17,8,35.0,PM2.5,22,10,50.0
2017-12-27,238,238,108,322,184,123,276.0,36,31,39.0,8,8,9,3,1,6,53,19,102,13,9,22.0,PM2.5,21,11,50.0
2017-12-28,272,272,126,347,217,125,364.0,36,32,39.0,8,8,9,4,1,8,65,29,117,11,8,23.0,PM2.5,23,10,48.0
2017-12-29,130,130,74,191,128,96,169.0,32,25,34.0,8,8,8,4,1,11,38,20,67,11,7,19.0,PM2.5,22,10,45.0
2017-12-30,248,248,83,348,191,101,311.0,30,21,35.0,7,6,8,3,1,7,54,10,83,10,8,12.0,PM2.5,20,9,43.0
2017-12-31,237,237,121,376,205,146,423.0,31,28,35.0,7,7,7,3,1,6,49,15,79,14,9,43.0,PM2.5,21,10,47.0
2018-01-01,276,276,159,362,215,154,370.0,30,27,33.0,7,7,7,4,2,6,49,23,81,25,11,61.0,PM2.5,20,9,48.0
2018-01-02,246,230,58,382,246,110,449.0,32,30,34.0,7,7,8,4,2,6,56,33,82,18,12,35.0,PM10,19,8,50.0
2018-01-03,195,195,50,342,162,78,249.0,31,29,34.0,7,7,7,3,1,6,41,26,54,12,8,18.0,PM2.5,20,8,47.0
2018-01-04,151,151,59,380,141,82,388.0,31,29,36.0,7,7,7,4,1,7,39,22,62,10,8,14.0,PM2.5,19,6,48.0
2018-01-05,271,271,86,377,233,108,428.0,33,30,36.0,7,7,8,4,1,7,49,32,70,14,9,31.0,PM2.5,18,7,50.0
2018-01-06,208,208,44,350,178,72,350.0,29,12,36.0,9,7,13,4,1,9,52,11,103,21,11,29.0,PM2.5,17,7,45.0
2018-01-07,171,171,77,276,138,109,172.0,20,18,22.0,13,13,14,4,1,9,38,22,53,13,8,47.0,PM2.5,18,8,40.0
2018-01-08,134,134,62,260,130,91,193.0,20,16,23.0,14,13,14,4,1,8,33,18,52,18,7,40.0,PM2.5,18,7,47.0
2018-01-09,164,164,66,239,139,108,178.0,18,7,23.0,14,13,14,5,1,8,37,14,72,21,7,47.0,PM2.5,20,6,42.0
2018-01-10,169,169,75,300,145,114,192.0,21,11,26.0,14,13,14,5,1,10,38,22,55,17,8,45.0,PM2.5,22,7,41.0
2018-01-11,186,186,88,268,150,117,194.0,20,11,26.0,14,13,14,7,1,12,38,24,51,20,7,40.0,PM2.5,20,7,42.0
2018-01-12,155,155,58,269,144,104,188.0,38,8,62.0,14,10,16,4,2,9,38,29,63,19,8,43.0,PM2.5,21,6,43.0
2018-01-13,189,189,68,283,155,104,189.0,26,10,48.0,4,1,10,24,8,61,47,22,62,17,7,40.0,PM2.5,20,6,41.0
2018-01-14,228,228,83,340,176,117,279.0,86,62,100.0,10,5,20,17,6,41,52,25,75,18,5,32.0,PM2.5,20,7,46.0
2018-01-15,146,146,74,286,137,108,193.0,31,29,36.0,7,7,7,4,1,7,42,10,72,18,7,40.0,PM2.5,21,7,41.0
2018-01-16,174,174,72,295,135,88,198.0,43,31,54.0,14,14,15,7,2,24,42,16,76,7,5,41.0,PM2.5,22,7,40.0
2018-01-17,250,250,52,326,45,35,57.0,14,14,15.0,7,1,21,53,19,107,5,2,7,15,5,43.0,PM2.5,21,6,49.0
2018-01-18,253,253,93,317,170,114,224.0,16,10,28.0,9,7,14,5,2,17,37,22,90,12,3,47.0,PM2.5,22,7,35.0
2018-01-19,120,120,68,192,117,94,139.0,28,27,30.0,14,14,14,6,1,10,34,23,62,13,4,24.0,PM2.5,22,6,39.0
2018-01-20,106,95,54,193,106,78,145.0,28,26,30.0,14,14,14,6,1,8,33,19,40,22,3,42.0,PM10,22,7,43.0
2018-01-21,130,123,67,232,130,91,198.0,30,27,36.0,14,14,15,5,1,10,35,8,103,18,2,42.0,PM10,23,8,50.0
2018-01-22,205,205,73,367,179,107,356.0,35,29,39.0,15,14,15,6,3,10,58,21,100,16,5,37.0,PM2.5,22,8,55.0
2018-01-23,218,218,80,320,173,92,271.0,36,32,41.0,14,14,15,7,3,12,44,9,110,14,3,31.0,PM2.5,21,7,50.0
2018-01-24,57,57,31,82,54,31,77.0,30,27,34.0,14,14,14,5,1,8,25,18,43,18,4,37.0,PM2.5,18,6,80.0
2018-01-25,62,56,34,85,62,34,97.0,30,28,32.0,14,14,14,6,2,10,28,19,50,19,5,41.0,PM10,19,6,64.0
2018-01-26,83,69,35,119,83,60,118.0,29,27,30.0,14,14,14,6,2,9,31,19,37,15,4,30.0,PM10,20,7,60.0
2018-01-27,112,108,84,164,112,92,138.0,28,27,30.0,14,14,14,4,1,8,26,22,32,16,3,33.0,PM10,21,7,65.0
2018-01-28,91,80,22,145,91,46,132.0,28,27,29.0,14,14,14,6,1,11,32,24,44,13,4,28.0,PM10,21,8,68.0
2018-01-29,65,59,29,85,65,35,97.0,28,26,29.0,14,14,14,7,1,11,36,31,43,14,2,24.0,PM10,22,8,64.0
2018-01-30,91,76,53,100,91,62,115.0,28,26,34.0,14,14,14,5,1,8,29,26,50,16,3,26.0,PM10,23,9,60.0
2018-01-31,107,104,72,173,107,67,130.0,32,30,34.0,14,14,14,6,1,10,32,25,44,12,3,25.0,PM10,23,10,54.0
2018-02-01,88,88,70,131,86,61,107.0,35,32,39.0,14,14,15,6,3,10,33,22,41,10,2,27.0,PM2.5,23,9,45.0
2018-02-02,81,55,38,80,81,55,105.0,32,22,36.0,14,14,15,6,1,13,22,11,37,9,3,23.0,PM10,22,10,40.0
2018-02-03,103,72,25,98,103,73,157.0,24,10,40.0,6,1,14,6,1,13,22,5,63,12,4,18.0,PM10,22,9,42.0
2018-02-04,112,99,54,163,112,87,147.0,40,39,40.0,2,1,2,8,2,13,27,15,34,8,3,17.0,PM10,23,9,43.0
2018-02-05,106,84,38,192,106,61,167.0,40,40,40.0,2,1,2,6,2,11,34,5,46,7,4,16.0,PM10,23,8,40.0
2018-02-06,152,77,37,108,152,76,478.0,40,40,40.0,2,1,2,6,1,15,25,16,55,9,3,13.0,PM10,22,7,38.0
2018-02-07,105,76,33,136,105,71,148.0,40,40,40.0,2,1,2,6,1,13,32,17,44,6,4,15.0,PM10,22,8,34.0
2018-02-08,115,100,53,263,115,83,194.0,40,40,40.0,2,1,2,6,2,10,39,19,49,7,2,14.0,PM10,23,8,36.0
2018-02-09,108,95,54,196,108,79,159.0,40,40,40.0,2,1,2,7,1,16,36,14,50,5,2,13.0,PM10,23,7,48.0
2018-02-10,134,121,44,329,134,82,308.0,40,40,40.0,1,1,2,9,1,19,54,17,86,6,2,10.0,PM10,23,8,43.0
2018-02-11,105,76,45,99,105,69,145.0,40,39,40.0,2,1,2,9,1,31,40,8,72,6,3,10.0,PM10,22,8,45.0
2018-02-12,106,93,24,225,106,49,179.0,40,39,40.0,2,1,2,7,1,25,28,8,41,6,3,13.0,PM10,23,8,50.0
2018-02-13,47,35,23,52,47,21,73.0,40,39,40.0,1,1,2,6,1,17,32,7,50,6,2,13.0,PM10,24,9,38.0
2018-02-14,40,27,11,35,31,24,39.0,40,40,40.0,2,1,2,8,1,25,30,1,54,8,2,13.0,NO2,23,9,39.0
2018-02-15,59,53,11,191,59,22,104.0,40,39,40.0,2,1,2,8,2,26,36,1,61,6,2,11.0,PM10,23,10,54.0
2018-02-16,74,62,32,113,74,41,120.0,40,39,40.0,2,1,2,9,1,25,33,8,46,6,2,15.0,PM10,25,10,55.0
2018-02-17,88,75,49,107,88,63,111.0,40,39,40.0,2,1,2,9,1,28,32,9,40,6,3,13.0,PM10,25,9,56.0
2018-02-18,94,76,38,122,94,65,118.0,40,39,40.0,1,1,2,8,1,24,38,5,50,6,2,10.0,PM10,26,10,55.0
2018-02-19,94,72,40,119,94,74,131.0,40,39,40.0,2,1,2,37,6,46,6,3,8,7,3,16.0,PM10,26,10,50.0
2018-02-20,112,89,38,171,112,71,150.0,40,39,40.0,2,1,2,7,2,28,42,5,80,9,2,19.0,PM10,28,11,47.0
2018-02-21,136,121,50,187,136,86,217.0,40,39,40.0,2,1,2,9,1,32,42,29,77,9,4,31.0,PM10,27,11,50.0
2018-02-22,107,83,43,128,107,69,135.0,39,39,40.0,2,1,2,10,2,33,39,20,72,7,2,25.0,PM10,27,12,55.0
2018-02-23,101,75,61,95,101,68,130.0,40,39,40.0,1,1,2,11,1,34,40,11,80,6,2,17.0,PM10,28,11,50.0
2018-02-24,89,58,12,143,89,26,151.0,40,39,40.0,2,1,2,8,1,35,32,10,78,8,3,25.0,PM10,26,11,70.0
2018-02-25,59,37,24,50,59,33,89.0,40,39,40.0,2,1,2,7,1,22,26,10,75,8,2,21.0,PM10,26,12,67.0
2018-02-26,63,47,27,78,63,43,89.0,40,39,40.0,2,1,2,9,1,30,33,8,72,9,3,25.0,PM10,26,13,65.0
2018-02-27,77,56,17,83,77,53,109.0,39,39,40.0,2,1,2,10,1,30,37,5,70,9,2,28.0,PM10,27,13,66.0
2018-02-28,91,69,29,92,91,56,112.0,39,39,40.0,1,1,2,10,1,34,39,10,74,8,3,24.0,PM10,27,15,60.0
2018-03-01,89,64,36,89,89,61,120.0,39,39,40.0,2,1,2,10,1,29,39,6,68,8,2,22.0,PM10,26,14,50.0
2018-03-02,72,46,24,81,72,49,101.0,39,39,40.0,2,1,2,10,1,29,36,12,70,7,4,24.0,PM10,25,13,43.0
2018-03-03,53,36,13,60,53,36,98.0,39,39,40.0,2,1,2,10,2,38,31,1,93,6,3,26.0,PM10,24,15,43.0
2018-03-04,45,30,14,43,45,28,63.0,40,39,40.0,2,1,2,6,1,16,25,9,47,8,4,18.0,PM10,25,14,45.0
2018-03-05,56,41,12,72,56,31,80.0,40,39,40.0,2,1,2,9,1,28,30,7,61,4,2,20.0,PM10,27,13,51.0
2018-03-06,58,50,13,148,58,28,79.0,40,39,40.0,2,1,2,10,2,34,30,4,78,6,3,19.0,PM10,27,14,45.0
2018-03-07,66,49,11,89,66,30,104.0,40,39,40.0,2,1,2,10,2,33,35,1,76,8,4,14.0,PM10,28,14,40.0
2018-03-08,84,68,28,95,84,52,109.0,38,25,40.0,2,1,2,11,1,37,38,3,76,6,2,16.0,PM10,28,15,41.0
2018-03-09,70,48,7,74,70,38,108.0,23,8,25.0,1,1,2,10,2,39,33,1,81,4,3,17.0,PM10,29,15,35.0
2018-03-10,66,51,25,73,66,43,91.0,28,27,34.0,2,1,6,11,6,25,14,8,67,8,3,18.0,PM10,31,16,32.0
2018-03-11,79,64,33,111,79,49,109.0,27,26,28.0,2,1,2,11,2,38,28,10,56,5,2,10.0,PM10,29,16,33.0
2018-03-12,74,63,21,99,74,40,108.0,27,26,28.0,2,1,2,13,1,49,37,9,71,3,1,11.0,PM10,30,15,30.0
2018-03-13,89,89,39,271,79,37,168.0,26,25,28.0,2,1,2,15,1,51,50,22,99,4,2,12.0,PM2.5,30,16,32.0
2018-03-14,127,127,40,219,110,65,198.0,27,25,28.0,2,1,2,17,2,59,45,20,85,3,2,11.0,PM2.5,31,15,30.0
2018-03-15,131,125,45,247,131,71,270.0,27,26,28.0,2,1,2,13,1,49,34,11,48,5,1,10.0,PM10,32,16,30.0
2018-03-16,78,63,28,89,78,45,110.0,27,26,28.0,2,1,2,12,1,37,20,6,41,6,2,9.0,PM10,32,16,38.0
2018-03-17,53,53,25,88,48,22,78.0,27,26,29.0,2,1,2,13,1,47,22,7,49,8,3,10.0,PM2.5,33,15,40.0
2018-03-18,56,56,13,89,54,21,90.0,27,26,28.0,2,1,2,14,1,45,18,5,38,5,4,13.0,PM2.5,34,17,36.0
2018-03-19,59,59,20,94,48,16,88.0,27,26,29.0,2,1,2,14,1,49,10,3,17,6,2,14.0,PM2.5,34,16,35.0
2018-03-20,91,91,35,235,88,36,210.0,26,8,32.0,2,1,7,13,1,48,6,5,7,9,2,29.0,PM2.5,36,17,19.0
2018-03-21,110,108,61,235,110,68,189.0,26,8,28.0,2,1,2,15,5,42,24,5,30,9,5,16.0,PM10,35,16,14.0
2018-03-22,100,86,46,128,100,41,181.0,17,13,33.0,1,1,2,12,2,33,34,8,75,8,6,12.0,PM10,35,17,20.0
2018-03-23,60,60,28,96,58,24,98.0,15,8,17.0,1,1,1,9,2,29,27,5,100,7,2,16.0,PM2.5,34,17,25.0
2018-03-24,60,52,24,78,60,22,85.0,16,15,18.0,1,1,1,9,5,16,22,5,50,6,3,12.0,PM10,35,18,22.0
2018-03-25,86,75,37,111,86,67,107.0,16,14,17.0,1,1,1,8,6,12,26,1,65,9,2,17.0,PM10,35,18,26.0
2018-03-26,94,87,55,169,94,70,134.0,16,11,33.0,1,1,1,7,1,16,20,2,50,9,2,26.0,PM10,36,17,30.0
2018-03-27,87,80,35,99,87,46,110.0,17,15,43.0,1,1,2,6,1,12,22,2,40,10,3,20.0,PM10,35,18,35.0
2018-03-28,65,59,31,110,65,32,103.0,16,12,17.0,1,1,1,9,1,17,20,10,56,8,2,16.0,PM10,36,19,32.0
2018-03-29,68,62,25,94,68,24,124.0,15,8,17.0,1,1,1,9,2,26,28,5,110,5,1,13.0,PM10,37,18,34.0
2018-03-30,64,62,29,78,64,40,85.0,16,15,17.0,1,1,1,10,3,20,16,1,60,9,1,29.0,PM10,37,19,30.0
2018-03-31,70,65,45,84,70,54,87.0,16,10,17.0,1,1,1,8,2,16,33,8,79,8,2,14.0,PM10,37,19,32.0
2018-04-01,72,66,39,75,72,52,87.0,16,14,17.0,1,1,1,5,1,13,48,16,84,8,4,26.0,PM10,35,19,33.0
2018-04-02,87,58,21,91,87,64,113.0,15,4,17.0,1,1,1,9,1,29,41,1,107,7,3,13.0,PM10,38,20,35.0
2018-04-03,108,74,48,107,108,79,142.0,16,15,17.0,1,1,1,8,2,14,34,10,78,10,4,24.0,PM10,38,23,31.0
2018-04-04,97,75,44,109,97,66,121.0,16,15,17.0,1,1,1,7,3,13,14,1,83,8,5,18.0,PM10,38,22,24.0
2018-04-05,86,63,25,79,86,50,118.0,15,6,17.0,1,1,1,7,2,20,22,7,78,11,2,35.0,PM10,38,23,24.0
2018-04-06,70,17,1,67,70,17,101.0,15,8,17.0,1,1,1,8,1,20,57,14,111,12,6,28.0,PM10,38,23,27.0
2018-04-07,50,49,5,153,30,5,66.0,10,4,18.0,1,1,1,7,3,13,50,25,68,11,7,18.0,CO,37,21,37.0
2018-04-08,40,16,1,57,40,20,66.0,16,15,17.0,1,1,1,6,2,8,36,25,45,9,2,17.0,PM10,37,23,38.0
2018-04-09,43,23,8,47,43,23,60.0,15,2,17.0,1,1,1,6,4,18,22,22,37,15,3,55.0,PM10,36,22,39.0
2018-04-10,60,43,8,130,60,36,105.0,15,11,17.0,1,1,1,11,4,38,43,22,73,14,7,34.0,PM10,35,24,36.0
2018-04-11,69,21,3,50,69,21,103.0,16,13,18.0,1,1,1,6,2,20,35,14,83,25,5,60.0,PM10,32,20,49.0
2018-04-12,77,72,4,500,77,36,111.0,16,16,17.0,1,1,1,3,1,5,31,17,48,26,2,65.0,PM10,33,20,38.0
2018-04-13,96,81,9,190,96,33,147.0,15,12,17.0,1,1,1,30,2,103,75,3,112,13,3,21.0,PM10,35,21,20.0
2018-04-14,79,74,30,121,79,44,132.0,8,5,10.0,1,1,1,23,2,105,48,36,121,14,9,28.0,PM10,37,23,17.0
2018-04-15,116,116,56,286,66,38,103.0,5,1,15.0,1,1,1,22,4,95,41,28,70,11,5,30.0,PM2.5,38,24,15.0
2018-04-16,110,110,46,286,62,39,103.0,6,2,15.0,1,1,1,21,3,85,43,28,58,21,2,56.0,PM2.5,36,11,24.0
2018-04-17,96,96,40,180,78,38,125.0,7,4,17.0,1,1,1,19,5,78,38,24,49,17,2,27.0,PM2.5,35,12,26.0
2018-04-18,99,72,21,347,99,3,265.0,7,3,16.0,2,1,3,4,2,11,34,16,111,22,4,62.0,PM10,36,13,25.0
2018-04-19,84,35,3,142,84,56,113.0,6,2,18.0,2,1,2,7,3,11,44,3,59,14,5,33.0,PM10,35,18,24.0
2018-04-20,71,34,1,83,71,41,105.0,16,16,17.0,1,1,1,6,4,8,6,4,8,11,7,18.0,PM10,33,17,23.0
2018-04-21,55,40,23,53,55,33,68.0,16,16,17.0,1,1,1,7,4,10,34,8,63,11,2,20.0,PM10,34,20,28.0
2018-04-22,53,42,23,54,53,33,67.0,16,16,17.0,1,1,1,6,4,9,38,17,60,13,4,19.0,PM10,35,18,25.0
2018-04-23,102,73,28,100,102,64,137.0,25,25,25.0,2,2,2,7,2,21,35,21,43,12,2,33.0,PM10,38,19,29.0
2018-04-24,110,84,38,145,110,73,145.0,25,25,25.0,2,2,2,7,3,15,32,26,67,14,4,34.0,PM10,39,20,25.0
2018-04-25,146,136,60,335,146,75,310.0,25,25,25.0,2,2,2,13,3,51,34,19,105,12,5,28.0,PM10,37,22,22.0
2018-04-26,172,172,74,303,159,94,243.0,25,25,25.0,2,2,2,23,2,58,43,21,85,14,8,34.0,PM2.5,39,24,20.0
2018-04-27,171,161,74,259,171,96,237.0,25,25,25.0,2,2,2,10,4,31,43,15,68,16,7,35.0,PM10,40,27,19.0
2018-04-28,160,151,86,228,160,126,194.0,25,25,25.0,2,2,2,12,4,29,38,23,54,12,6,33.0,PM10,42,28,23.0
2018-04-29,152,142,94,240,152,125,200.0,25,25,25.0,2,2,2,18,5,59,38,21,54,10,4,24.0,PM10,43,26,28.0
2018-04-30,171,171,96,272,159,115,202.0,25,25,25.0,2,2,2,11,5,25,44,19,54,14,5,23.0,PM2.5,42,27,24.0
2018-05-01,153,134,85,304,153,102,261.0,25,25,25.0,2,2,2,8,4,26,32,6,123,11,9,54.0,PM10,43,26,26.0
2018-05-02,164,122,68,319,164,114,478.0,25,25,25.0,2,1,3,7,3,13,36,24,70,12,6,28.0,PM10,41,28,27.0
2018-05-03,125,83,33,200,125,74,337.0,25,25,25.0,2,2,2,10,4,24,39,22,66,11,7,18.0,PM10,40,28,25.0
2018-05-04,139,104,62,176,139,67,193.0,25,25,25.0,2,2,2,8,5,18,42,24,68,9,4,17.0,PM10,40,27,24.0
2018-05-05,126,122,14,183,126,86,169.0,25,25,26.0,2,2,2,11,2,54,35,20,75,15,8,55.0,PM10,39,27,26.0
2018-05-06,138,136,66,274,138,84,206.0,25,23,29.0,2,2,2,12,6,28,51,45,66,23,7,78.0,PM10,38,26,28.0
2018-05-07,91,79,46,150,91,62,127.0,24,22,28.0,2,1,2,11,7,18,50,46,52,25,14,34.0,PM10,37,26,27.0
2018-05-08,89,83,46,160,89,62,129.0,23,18,30.0,1,1,2,9,2,17,12,6,50,26,12,65.0,PM10,38,25,26.0
2018-05-09,94,82,32,201,94,53,138.0,25,25,26.0,2,2,2,15,3,55,15,2,28,26,14,51.0,PM10,36,24,28.0
2018-05-10,161,161,60,351,130,56,264.0,25,25,26.0,2,2,2,23,2,78,26,2,42,39,12,58.0,PM2.5,39,26,20.0
2018-05-11,214,214,73,313,143,89,195.0,25,25,26.0,2,2,2,16,2,34,24,2,54,36,25,45.0,PM2.5,40,27,40.61800818553888
2018-05-12,272,272,75,361,191,118,283.0,25,25,25.0,2,2,2,26,3,65,59,16,94,22,22,37.0,PM2.5,40,28,40.61800818553888
2018-05-13,105,105,30,271,94,42,187.0,22,19,28.0,2,1,3,26,1,51,33,15,70,43,22,73.0,PM2.5,41,27,40.61800818553888
2018-05-14,142,142,35,301,91,39,144.0,24,18,29.0,1,1,2,13,3,24,34,16,42,35,14,83.0,PM2.5,40,26,40.61800818553888
2018-05-15,97,97,35,197,86,39,132.0,25,24,26.0,2,1,2,15,2,24,54,16,70,31,17,48.0,PM2.5,41,28,23.0
2018-05-16,234,234,94,440,128,103,151.0,24,22,28.0,3,1,5,16,3,32,30,15,41,32,10,50.0,PM2.5,40,28,18.0
2018-05-17,269,269,143,306,158,121,178.0,25,25,25.0,2,2,2,17,1,64,33,26,49,35,12,52.0,PM2.5,41,27,16.0
2018-05-18,269,269,106,350,182,130,251.0,25,25,25.0,2,2,2,24,1,69,37,15,84,36,16,51.0,PM2.5,40,28,14.0
2018-05-19,217,217,105,301,146,126,172.0,25,24,25.0,2,1,2,19,1,73,32,19,74,31,10,36.0,PM2.5,41,28,14.0
2018-05-20,263,263,141,479,152,93,241.0,25,24,26.0,2,2,2,17,4,42,30,15,58,20,10,38.0,PM2.5,41,29,10.0
2018-05-21,204,204,106,300,119,75,152.0,25,25,25.0,2,2,2,16,2,65,29,17,52,19,11,42.0,PM2.5,42,29,8.0
2018-05-22,204,204,115,267,130,94,158.0,25,25,25.0,2,2,2,18,1,101,28,16,52,16,12,45.0,PM2.5,42,30,10.0
2018-05-23,204,204,67,500,134,111,171.0,25,24,25.0,2,2,2,24,4,100,35,2,67,24,13,46.0,PM2.5,43,30,7.0
2018-05-24,159,159,34,301,129,78,169.0,25,24,25.0,2,2,2,17,4,52,32,8,49,26,16,48.0,PM2.5,42,31,12.0
2018-05-25,141,141,22,309,121,69,187.0,22,5,25.0,2,2,2,18,7,34,33,12,58,26,10,42.0,PM2.5,41,30,12.0
2018-05-26,166,166,78,310,141,102,219.0,6,5,6.0,2,2,2,38,5,126,43,16,72,24,9,43.0,PM2.5,42,31,14.0
2018-05-27,230,230,85,321,164,100,220.0,7,5,19.0,2,2,3,33,1,68,43,7,105,23,8,41.0,PM2.5,42,30,9.0
2018-05-28,257,257,133,313,199,135,269.0,10,4,35.0,2,2,6,21,10,38,30,5,96,24,11,30.0,PM2.5,43,32,11.0
2018-05-29,225,225,91,402,174,109,266.0,8,3,39.0,2,2,3,25,12,55,44,15,57,21,6,29.0,PM2.5,44,31,15.0
2018-05-30,232,232,150,330,188,154,243.0,6,4,10.0,2,2,2,22,3,55,34,14,73,22,12,46.0,PM2.5,45,32,18.0
2018-05-31,176,176,61,322,167,137,198.0,6,4,8.0,2,1,3,15,3,26,39,11,72,23,14,45.0,PM2.5,44,31,28.0
2018-06-01,222,222,99,311,179,148,222.0,7,4,16.0,3,2,4,19,3,58,34,10,73,25,10,40.0,PM2.5,43,32,30.0
2018-06-02,162,121,26,332,162,52,500.0,8,3,18.0,2,1,4,24,1,61,33,15,45,28,9,42.0,PM10,43,30,31.0
2018-06-03,117,104,49,257,117,89,145.0,9,2,23.0,2,2,3,8,1,14,34,15,49,19,9,35.0,PM10,43,32,30.0
2018-06-04,174,174,88,359,140,112,163.0,8,2,18.0,3,2,5,13,1,28,37,19,42,24,8,43.0,PM2.5,42,33,31.0
2018-06-05,191,191,37,359,141,112,165.0,8,2,19.0,2,1,2,14,1,28,6,19,87,26,7,42.0,PM2.5,42,33,32.0
2018-06-06,110,107,24,243,110,57,276.0,9,2,47.0,4,2,18,16,1,48,25,15,50,27,8,38.0,PM10,41,34,33.0
2018-06-07,105,105,40,254,101,65,138.0,6,4,13.0,2,2,3,18,3,36,39,19,52,22,9,49.0,PM2.5,40,33,35.0
2018-06-08,169,169,30,255,128,9,184.0,9,4,91.0,2,2,2,22,7,56,42,14,93,23,8,47.0,PM2.5,41,32,40.0
2018-06-09,105,79,21,176,105,45,176.0,29,12,73.0,2,1,8,18,2,52,29,10,42,24,7,42.0,PM10,40,32,45.0
2018-06-10,108,100,41,233,108,75,138.0,24,6,54.0,2,1,4,28,4,60,31,22,56,26,5,40.0,PM10,42,33,35.0
2018-06-11,113,100,49,183,113,72,145.0,25,7,66.0,2,1,3,18,4,34,25,17,60,24,8,39.0,PM10,44,32,20.0
2018-06-12,139,114,39,300,139,108,207.0,24,8,54.0,2,2,2,27,3,61,36,12,49,14,4,32.0,PM10,45,33,18.0
2018-06-13,163,115,31,238,163,114,358.0,23,7,45.0,2,2,2,25,11,53,30,16,47,18,4,38.0,PM10,47,34,15.0
2018-06-14,486,419,150,500,486,222,500.0,19,8,28.0,2,1,3,14,1,34,27,14,46,22,7,40.0,PM10,46,33,20.0
2018-06-15,344,344,146,500,290,120,450.0,22,2,44.0,2,1,3,32,4,100,22,7,97,21,8,45.0,PM2.5,44,32,24.0
2018-06-16,364,293,13,500,364,181,500.0,74,3,108.0,2,1,5,26,2,71,51,8,123,23,9,46.0,PM10,42,30,29.0
2018-06-17,141,141,47,313,128,60,264.0,25,4,60.0,5,1,16,13,3,21,40,6,112,25,7,40.0,PM2.5,40,31,30.0
2018-06-18,134,89,48,168,134,116,155.0,23,6,55.0,4,1,37,14,1,28,26,10,74,18,10,58.0,PM10,39,29,34.0
2018-06-19,138,90,43,166,138,115,150.0,34,8,69.0,1,1,11,11,1,30,21,8,45,28,10,40.0,PM10,42,30,25.0
2018-06-20,144,90,32,179,144,103,194.0,22,2,44.0,3,1,4,21,3,56,37,10,105,16,10,59.0,PM10,41,31,20.0
2018-06-21,124,88,40,216,124,65,225.0,32,9,61.0,3,2,4,17,2,27,10,1,103,33,9,79.0,PM10,43,32,16.0
2018-06-22,94,55,14,95,94,66,121.0,24,8,55.0,2,2,2,22,1,62,11,4,23,38,16,55.0,PM10,44,33,19.0
2018-06-23,120,120,49,192,113,69,208.0,16,13,19.0,1,1,1,14,7,33,12,2,31,31,8,45.0,PM2.5,42,32,30.0
2018-06-24,94,94,54,148,76,39,99.0,19,9,104.0,1,1,5,11,7,18,9,3,41,34,10,78.0,PM2.5,41,31,24.0
2018-06-25,115,105,57,158,115,64,172.0,17,6,36.0,1,1,1,11,2,20,12,6,38,34,8,63.0,PM10,43,33,20.0
2018-06-26,114,91,54,143,114,67,145.0,15,12,19.0,1,1,2,9,1,19,17,5,29,38,17,60.0,PM10,41,30,15.0
2018-06-27,100,86,46,128,100,41,181.0,17,13,33.0,1,1,2,12,2,33,34,8,75,42,10,78.0,PM10,41,31,30.0
2018-06-28,60,60,28,96,58,24,98.0,15,8,17.0,1,1,1,9,2,29,27,5,118,50,9,79.0,PM2.5,40,30,45.0
2018-06-29,60,52,24,78,60,22,85.0,16,15,18.0,1,1,1,9,5,16,22,5,63,67,8,88.0,PM10,37,28,70.0
2018-06-30,86,75,37,111,86,67,107.0,16,14,17.0,1,1,1,8,6,12,26,1,73,46,20,58.0,PM10,36,29,52.0
2018-07-01,94,87,55,169,94,70,134.0,16,11,33.0,1,1,1,7,1,16,18,2,47,30,21,56.0,PM10,36,28,55.0
2018-07-02,87,80,35,99,87,46,110.0,17,15,43.0,1,1,2,6,1,12,25,2,40,36,16,60.0,PM10,35,28,58.0
2018-07-03,65,60,31,112,65,32,103.0,16,12,17.0,1,1,1,9,1,17,18,10,58,53,17,81.0,PM10,35,27,60.0
2018-07-04,68,56,25,94,68,24,124.0,15,8,17.0,1,1,1,10,2,26,28,5,126,32,22,80.0,PM10,34,26,63.0
2018-07-05,64,58,29,86,64,40,85.0,16,15,17.0,1,1,1,10,3,20,16,1,59,51,3,75.0,PM10,38,28,42.0
2018-07-06,70,65,45,84,70,54,87.0,16,10,17.0,1,1,1,8,2,16,33,8,79,38,24,51.0,PM10,40,29,40.0
2018-07-07,72,60,39,75,72,52,87.0,16,14,17.0,1,1,1,5,1,13,48,16,84,31,19,47.0,PM10,41,30,31.0
2018-07-08,87,55,21,91,87,64,113.0,15,4,17.0,1,1,1,9,1,29,41,1,107,32,27,47.0,PM10,40,30,45.0
2018-07-09,108,74,48,107,108,79,142.0,16,15,17.0,1,1,1,8,2,14,34,10,78,35,18,46.0,PM10,40,31,50.0
2018-07-10,97,75,44,109,97,66,121.0,16,15,17.0,1,1,1,7,3,13,14,1,83,36,20,43.0,PM10,42,31,46.0
2018-07-11,86,63,25,79,86,50,118.0,15,6,17.0,1,1,1,7,2,20,22,7,78,31,19,48.0,PM10,40,30,52.0
2018-07-12,70,17,1,67,70,17,101.0,15,8,17.0,1,1,1,8,1,20,57,14,111,37,26,49.0,PM10,39,30,54.0
2018-07-13,50,49,5,153,30,5,66.0,10,4,18.0,1,1,1,7,3,13,50,25,68,32,22,40.0,CO,37,29,70.0
2018-07-14,40,16,1,57,40,20,66.0,16,15,17.0,1,1,1,6,2,8,36,25,45,36,25,45.0,PM10,38,29,54.0
2018-07-15,43,23,8,47,43,23,60.0,15,2,17.0,1,1,1,6,4,18,22,22,37,22,22,37.0,PM10,37,29,65.0
2018-07-16,60,43,8,130,60,36,105.0,15,11,17.0,1,1,1,11,4,38,43,22,73,43,22,73.0,PM10,38,28,62.0
2018-07-17,69,21,3,50,69,21,103.0,16,13,18.0,1,1,1,6,2,20,35,14,83,35,14,83.0,PM10,37,29,63.0
2018-07-18,77,72,4,500,77,36,111.0,16,16,17.0,1,1,1,3,1,5,31,17,48,31,17,48.0,PM10,36,28,61.0
2018-07-19,96,81,9,190,96,33,147.0,15,12,17.0,1,1,1,30,2,103,75,3,112,75,3,112.0,PM10,35,27,45.0
2018-07-20,79,74,30,121,79,44,132.0,8,5,10.0,1,1,1,23,2,105,48,36,121,48,36,121.0,PM10,33,28,50.0
2018-07-21,116,116,56,286,66,38,103.0,5,1,15.0,1,1,1,22,4,95,41,28,70,41,28,70.0,PM2.5,33,27,55.0
2018-07-22,110,110,46,286,62,39,103.0,6,2,15.0,1,1,1,21,3,85,43,28,58,43,28,58.0,PM2.5,35,27,49.0
2018-07-23,96,96,40,180,78,38,125.0,7,4,17.0,1,1,1,19,5,78,38,24,49,38,24,49.0,PM2.5,33,28,60.0
2018-07-24,99,72,21,347,99,3,265.0,7,3,16.0,2,1,3,4,2,11,34,16,111,34,16,102.0,PM10,34,27,62.0
2018-07-25,84,35,3,142,84,56,113.0,6,2,18.0,2,1,2,7,3,11,44,3,59,44,8,59.0,PM10,36,28,65.0
2018-07-26,71,34,1,83,71,41,105.0,16,16,17.0,1,1,1,6,4,8,6,4,8,42,7,69.0,PM10,32,27,79.0
2018-07-27,55,40,23,53,55,33,68.0,16,16,17.0,1,1,1,7,4,10,34,8,63,34,9,63.0,PM10,33,27,65.0
2018-07-28,53,42,23,54,53,33,67.0,16,16,17.0,1,1,1,6,4,9,38,17,60,38,17,60.0,PM10,34,28,50.0
2018-07-29,60,45,21,78,60,29,99.0,14,12,18.0,2,1,2,7,3,10,42,10,78,42,10,78.0,PM10,35,27,45.0
2018-07-30,55,50,20,97,55,25,88.0,15,11,17.0,1,1,2,6,2,9,50,9,79,50,9,79.0,PM10,36,26,51.0
2018-07-31,67,54,30,94,51,27,83.0,16,13,17.0,1,1,1,6,2,9,67,8,88,67,8,88.0,CO,38,28,50.0
2018-08-01,57,51,23,73,57,26,87.0,16,13,18.0,1,1,1,5,3,10,46,20,58,46,20,58.0,PM10,37,26,40.0
2018-08-02,95,68,48,91,95,65,129.0,17,16,17.0,1,1,1,5,3,7,30,21,56,30,21,56.0,PM10,36,25,39.0
2018-08-03,88,61,41,89,88,51,106.0,16,15,17.0,1,1,1,5,3,7,36,16,60,36,16,60.0,PM10,37,27,45.0
2018-08-04,87,81,48,300,87,70,133.0,17,16,17.0,1,1,1,5,3,9,53,17,81,53,17,81.0,PM10,36,26,45.0
2018-08-05,113,113,41,323,73,9,109.0,16,16,17.0,1,1,1,5,3,8,32,22,80,32,22,80.0,PM2.5,38,28,62.0
2018-08-06,51,43,14,179,34,10,71.0,17,16,17.0,1,1,1,13,1,15,51,3,75,51,3,75.0,CO,36,27,69.0
2018-08-07,45,21,12,31,18,8,32.0,16,16,17.0,1,1,1,14,9,25,45,32,104,45,32,104.0,CO,37,26,61.0
2018-08-08,39,25,14,48,39,14,72.0,17,16,17.0,1,1,1,7,1,16,23,2,76,23,2,76.0,PM10,36,27,62.0
2018-08-09,42,28,11,56,42,15,73.0,16,13,17.0,1,1,1,7,1,18,27,3,65,27,3,65.0,PM10,36,26,65.0
2018-08-10,56,41,19,94,56,24,105.0,16,16,17.0,1,1,1,24,6,38,38,6,79,38,6,79.0,PM10,35,27,63.0
2018-08-11,55,55,25,133,39,30,49.0,16,14,19.0,2,1,2,13,5,25,39,2,56,39,2,56.0,PM2.5,36,26,65.0
2018-08-12,54,30,12,54,54,19,111.0,16,14,18.0,1,1,1,13,1,29,31,1,58,31,1,58.0,PM10,35,27,68.0
2018-08-13,51,23,7,69,51,18,66.0,17,15,18.0,1,1,1,15,9,26,47,1,81,47,1,81.0,PM10,36,26,60.0
2018-08-14,85,23,9,38,50,32,86.0,16,3,20.0,1,1,1,14,3,22,58,41,103,58,41,103.0,CO,36,26,62.0
2018-08-15,46,27,11,41,46,26,74.0,16,9,21.0,1,1,1,14,2,31,43,16,95,43,16,95.0,PM10,35,27,68.0
2018-08-16,62,33,14,54,62,36,109.0,16,9,27.0,1,1,2,13,2,31,47,10,95,47,10,95.0,PM10,36,26,65.0
2018-08-17,78,35,10,65,55,27,92.0,15,9,24.0,1,1,1,20,11,46,78,28,101,78,28,101.0,CO,35,27,66.0
2018-08-18,58,31,8,57,58,23,81.0,16,9,21.0,1,1,1,21,10,35,44,24,101,44,24,101.0,PM10,36,27,66.0
2018-08-19,63,21,9,38,33,24,46.0,16,11,19.0,1,1,1,15,2,31,63,5,84,63,5,84.0,CO,35,26,65.0
2018-08-20,38,27,19,37,38,25,57.0,16,13,19.0,1,1,1,13,7,24,36,18,75,36,18,75.0,PM10,36,27,64.0
2018-08-21,50,27,10,43,46,19,71.0,16,16,17.0,1,1,1,16,2,28,50,16,92,50,16,92.0,CO,36,27,67.0
2018-08-22,68,35,19,59,51,21,100.0,16,16,17.0,1,1,1,13,2,27,68,10,90,68,10,90.0,CO,35,26,68.0
2018-08-23,38,20,7,41,27,10,45.0,17,16,17.0,1,1,1,13,9,19,38,20,70,38,20,70.0,CO,35,27,60.0
2018-08-24,56,25,5,40,46,20,74.0,15,6,17.0,1,1,2,12,2,33,56,13,83,56,13,83.0,CO,36,26,65.0
2018-08-25,38,22,11,46,38,23,55.0,16,11,17.0,1,1,1,6,3,13,12,5,58,12,5,58.0,PM10,36,27,68.0
2018-08-26,39,22,9,42,39,27,50.0,16,16,17.0,1,1,1,6,1,14,9,2,25,9,2,25.0,PM10,35,26,60.0
2018-08-27,41,27,15,49,41,36,53.0,16,15,17.0,1,1,1,6,1,15,17,2,29,17,2,29.0,PM10,36,26,62.0
2018-08-28,56,34,23,49,56,46,79.0,16,14,20.0,1,1,1,7,4,12,13,1,30,13,1,30.0,PM10,36,27,64.0
2018-08-29,47,34,19,56,47,24,64.0,16,12,21.0,1,1,1,4,1,8,8,1,31,8,1,31.0,PM10,36,26,62.0
2018-08-30,42,32,17,51,40,22,74.0,16,11,19.0,1,1,1,5,2,9,42,29,54,42,29,54.0,CO,36,26,68.0
2018-08-31,57,35,25,41,57,39,80.0,16,13,20.0,1,1,1,7,4,12,39,18,49,39,18,49.0,PM10,35,25,68.0
2018-09-01,57,33,22,50,57,40,83.0,17,14,37.0,1,1,3,7,1,17,34,27,47,34,27,47.0,PM10,36,26,69.0
2018-09-02,51,29,22,44,51,35,66.0,16,14,18.0,1,1,1,8,2,15,38,22,49,38,22,49.0,PM10,35,25,70.0
2018-09-03,48,35,16,119,48,33,86.0,15,1,18.0,1,1,1,10,3,29,36,20,43,36,20,43.0,PM10,34,26,72.0
2018-09-04,41,30,17,45,41,28,50.0,16,13,20.0,1,1,1,9,2,14,31,19,47,31,19,47.0,PM10,34,25,68.0
2018-09-05,46,36,19,61,46,32,87.0,16,13,18.0,1,1,1,6,1,12,37,26,49,37,26,49.0,PM10,35,25,69.0
2018-09-06,50,37,20,64,50,36,62.0,16,10,19.0,1,1,1,8,3,15,32,21,40,32,21,40.0,PM10,35,26,72.0
2018-09-07,46,32,19,46,46,31,67.0,16,14,23.0,1,1,1,8,2,16,42,28,55,42,28,55.0,PM10,34,26,75.0
2018-09-08,30,11,4,18,18,1,47.0,13,1,18.0,1,1,1,14,6,25,30,9,36,30,9,36.0,CO,34,25,70.0
2018-09-09,44,30,10,53,44,12,70.0,16,13,21.0,1,1,1,9,1,15,38,25,73,38,25,73.0,PM10,34,26,74.0
2018-09-10,37,24,11,38,29,12,49.0,16,10,18.0,1,1,1,11,6,23,37,23,47,37,23,47.0,CO,33,25,75.0
2018-09-11,30,26,15,44,26,19,36.0,20,11,36.0,2,1,5,8,2,18,30,27,45,30,27,45.0,CO,33,24,72.0
2018-09-12,37,32,22,61,32,17,67.0,34,30,39.0,5,5,6,9,3,18,37,24,41,37,24,41.0,CO,34,25,73.0
2018-09-13,47,25,18,36,47,29,87.0,35,29,38.0,5,5,5,21,5,94,33,18,51,33,18,51.0,PM10,33,24,68.0
2018-09-14,66,28,17,53,66,52,87.0,32,18,77.0,5,4,7,10,4,109,24,11,68,24,11,68.0,PM10,34,25,65.0
2018-09-15,50,21,14,32,40,29,57.0,30,25,39.0,6,6,7,6,2,23,50,8,59,50,8,59.0,CO,34,24,62.0
2018-09-16,50,23,11,47,30,20,39.0,30,25,32.0,6,6,7,4,3,6,50,46,54,50,46,54.0,CO,35,24,50.0
2018-09-17,52,26,16,56,29,23,47.0,30,26,33.0,6,6,7,4,2,7,52,46,54,52,46,54.0,CO,34,23,55.0
2018-09-18,66,66,14,91,65,1,125.0,29,16,35.0,6,5,6,5,3,8,42,12,60,42,12,60.0,PM2.5,35,23,52.0
2018-09-19,83,77,35,121,83,59,102.0,31,15,38.0,5,4,8,5,2,11,24,15,50,24,15,50.0,PM10,34,23,55.0
2018-09-20,109,107,71,192,109,77,135.0,25,14,31.0,6,3,9,7,4,15,43,10,63,43,10,63.0,PM10,36,22,48.0
2018-09-21,129,129,67,198,108,80,131.0,22,12,26.0,8,4,11,7,2,14,40,28,59,40,28,59.0,PM2.5,35,23,50.0
2018-09-22,60,53,25,86,60,29,89.0,18,10,21.0,5,3,8,10,1,21,40,26,72,40,26,72.0,PM10,34,22,55.0
2018-09-23,55,55,20,78,51,24,78.0,18,12,22.0,6,4,9,6,3,10,31,24,45,31,24,45.0,PM2.5,33,22,60.0
2018-09-24,51,40,16,56,51,24,72.0,16,10,18.0,6,2,10,7,4,12,24,10,35,24,10,35.0,PM10,34,23,62.0
2018-09-25,36,25,10,69,36,9,77.0,14,8,16.0,5,1,8,7,4,13,27,16,44,27,16,44.0,PM10,30,22,76.0
2018-09-26,44,44,12,70,41,19,67.0,26,26,36.0,5,4,13,6,1,13,28,11,38,28,11,38.0,PM2.5,31,23,70.0
2018-09-27,79,79,38,138,69,40,105.0,28,23,37.0,4,4,5,6,1,16,39,20,53,39,20,53.0,PM2.5,32,22,62.0
2018-09-28,132,132,30,434,109,52,281.0,28,26,63.0,4,4,5,9,1,32,34,14,61,34,14,61.0,PM2.5,33,23,65.0
2018-09-29,42,30,15,48,31,12,59.0,27,26,53.0,4,4,4,42,19,98,35,23,84,35,23,84.0,SO2,33,22,60.0
2018-09-30,28,23,7,45,21,12,39.0,26,26,26.0,4,4,4,20,5,40,28,20,57,28,20,65.0,CO,34,23,49.0
2018-10-01,48,36,18,47,32,20,44.0,26,25,27.0,4,4,4,41,4,116,48,19,96,48,19,96.0,CO,33,21,40.0
2018-10-02,46,33,12,52,37,27,47.0,26,26,26.0,4,4,4,35,8,78,46,16,100,46,16,70.0,CO,32,22,42.0
2018-10-03,52,38,11,58,34,25,54.0,26,26,26.0,4,4,4,45,10,75,52,8,109,38,11,61.0,CO,33,21,45.0
2018-10-04,68,40,14,78,39,30,73.0,26,26,26.0,4,4,4,68,4,123,52,16,105,25,12,44.0,SO2,32,22,42.0
2018-10-05,52,37,14,64,39,31,63.0,26,26,26.0,4,4,4,40,5,78,52,11,91,26,8,42.0,CO,33,22,36.0
2018-10-06,80,77,39,131,80,34,104.0,26,25,28.0,4,4,4,22,2,68,44,6,103,22,8,35.0,PM10,32,22,45.0
2018-10-07,109,109,32,180,109,75,122.0,26,22,33.0,5,4,18,10,2,27,40,6,100,18,8,45.0,PM2.5,32,23,45.0
2018-10-08,122,122,28,266,108,55,170.0,28,26,76.0,5,4,18,10,4,23,47,2,89,14,9,35.0,PM2.5,31,21,42.0
2018-10-09,137,130,60,309,137,96,189.0,28,23,83.0,4,4,5,13,5,20,48,4,119,16,7,26.0,PM10,32,22,43.0
2018-10-10,161,161,63,267,118,101,134.0,15,13,26.0,5,4,5,15,6,34,95,46,102,11,9,18.0,PM2.5,32,22,48.0
2018-10-11,126,126,53,237,100,59,151.0,14,13,25.0,5,5,5,17,8,35,33,25,100,17,8,33.0,PM2.5,33,21,45.0
2018-10-12,109,109,48,207,81,44,123.0,14,14,21.0,5,5,5,13,9,22,30,15,79,18,2,52.0,PM2.5,32,21,40.0
2018-10-13,70,70,37,94,57,31,74.0,14,13,16.0,5,5,5,11,8,23,37,3,60,14,1,49.0,PM2.5,31,22,38.0
2018-10-14,94,94,45,167,77,46,103.0,14,12,14.0,5,5,5,11,7,19,44,6,58,14,5,36.0,PM2.5,32,21,39.0
2018-10-15,93,93,65,153,83,58,112.0,14,13,15.0,5,5,5,10,8,12,24,2,68,12,8,23.0,PM2.5,32,20,30.0
2018-10-16,143,143,29,289,106,73,147.0,14,13,14.0,5,5,5,14,9,43,56,9,96,11,8,14.0,PM2.5,32,21,29.0
2018-10-17,125,125,65,191,104,79,128.0,14,13,19.0,5,5,5,25,11,61,51,7,76,11,8,23.0,PM2.5,32,20,34.0
2018-10-18,194,194,92,267,125,93,155.0,14,13,17.0,5,5,5,18,12,35,48,37,115,11,8,16.0,PM2.5,31,21,36.0
2018-10-19,118,118,71,180,92,61,123.0,14,14,16.0,6,5,11,12,8,18,37,1,105,14,9,23.0,PM2.5,33,21,30.0
2018-10-20,145,145,69,227,92,51,129.0,14,13,14.0,10,10,11,10,8,14,49,16,74,12,9,23.0,PM2.5,32,20,29.0
2018-10-21,100,100,47,171,76,55,104.0,14,14,15.0,11,10,11,11,8,20,24,10,75,19,11,37.0,PM2.5,31,20,25.0
2018-10-22,165,165,50,298,98,47,128.0,14,14,14.0,10,10,11,11,9,18,34,1,65,22,14,30.0,PM2.5,32,20,26.0
2018-10-23,148,148,74,221,106,72,136.0,14,13,14.0,11,10,11,17,8,33,62,5,82,12,7,35.0,PM2.5,31,19,24.0
2018-10-24,138,138,57,240,91,58,129.0,13,12,15.0,10,10,11,18,2,52,59,28,89,12,9,28.0,PM2.5,31,19,25.0
2018-10-25,124,124,64,233,84,52,121.0,13,13,14.0,11,10,11,14,1,49,53,30,106,14,8,18.0,PM2.5,31,19,28.0
2018-10-26,146,146,67,229,100,55,133.0,14,13,17.0,11,10,11,14,5,36,45,36,103,10,7,17.0,PM2.5,32,20,30.0
2018-10-27,167,167,74,248,124,83,194.0,14,13,17.0,10,10,11,12,8,23,61,17,73,19,7,64.0,PM2.5,31,21,38.0
2018-10-28,160,160,71,245,112,83,145.0,13,11,19.0,10,10,11,11,8,14,27,18,71,14,7,32.0,PM2.5,30,20,35.0
2018-10-29,197,197,39,311,123,74,163.0,14,13,19.0,10,10,11,11,8,23,43,24,67,14,12,19.0,PM2.5,31,19,39.0
2018-10-30,182,182,31,311,115,57,151.0,14,13,15.0,10,10,11,11,8,16,44,24,74,14,11,19.0,PM2.5,31,20,35.0
2018-10-31,113,113,41,212,98,60,137.0,15,13,32.0,10,10,11,14,9,23,37,24,79,14,11,20.0,PM2.5,30,19,43.0
2018-11-01,135,135,24,251,104,62,128.0,14,13,14.0,10,10,10,12,9,23,38,21,70,13,9,22.0,PM2.5,30,19,42.0
2018-11-02,114,114,30,302,101,58,193.0,14,13,16.0,10,10,11,19,11,37,28,8,109,14,8,23.0,PM2.5,29,18,41.0
2018-11-03,52,52,4,89,52,22,98.0,14,12,15.0,10,8,12,22,14,30,29,18,53,12,7,28.0,PM10,28,19,40.0
2018-11-04,91,77,7,126,91,28,403.0,15,12,17.0,9,7,11,12,7,35,15,4,71,14,9,20.0,PM10,29,18,43.0
2018-11-05,92,92,26,139,83,36,242.0,14,13,14.0,10,10,10,12,7,28,29,6,56,11,4,34.0,PM2.5,27,17,45.0
2018-11-06,126,126,57,195,88,44,113.0,14,13,14.0,10,10,10,10,2,12,22,6,34,12,2,25.0,PM2.5,28,18,45.0
2018-11-07,139,139,50,248,102,61,133.0,14,13,14.0,10,10,11,10,7,17,14,2,51,11,4,24.0,PM2.5,28,17,33.0
2018-11-08,170,170,37,355,153,1,452.0,26,14,82.0,10,10,11,19,7,64,69,2,104,13,5,26.0,PM2.5,27,17,30.0
2018-11-09,164,79,42,141,164,86,264.0,14,13,14.0,10,10,11,14,7,32,12,8,34,16,10,30.0,PM10,28,18,32.0
2018-11-10,169,77,52,81,169,117,264.0,14,11,14.0,10,10,10,14,12,19,13,8,36,18,9,29.0,PM10,29,17,30.0
2018-11-11,118,77,52,92,118,81,163.0,14,13,17.0,10,10,11,14,11,19,12,7,34,17,8,28.0,PM10,28,18,35.0
2018-11-12,120,79,78,92,120,69,163.0,14,13,17.0,10,10,11,14,11,20,11,6,28,21,10,37.0,PM10,27,17,32.0
2018-11-13,123,70,39,110,123,69,168.0,14,12,16.0,10,9,11,13,9,22,14,8,29,16,8,37.0,PM10,27,18,39.0
2018-11-14,110,90,40,210,110,70,199.0,13,12,15.0,10,8,12,14,8,23,13,7,25,14,9,31.0,PM10,28,17,35.0
2018-11-15,92,92,26,139,83,36,242.0,14,13,14.0,10,10,10,12,7,28,29,6,56,21,11,29.0,PM2.5,27,17,39.0
2018-11-16,45,45,23,52,42,42,42.0,16,13,,11,10,15,14,9,20,22,6,40,13,8,47.0,PM2.5,28,16,30.0
2018-11-17,101,75,61,95,101,68,130.0,40,39,40.0,1,1,2,11,1,34,40,11,80,18,7,40.0,PM10,29,17,25.0
2018-11-18,117,103,43,193,117,51,172.0,14,13,14.0,11,10,11,12,2,25,12,5,51,21,7,47.0,PM10,28,18,24.0
2018-11-19,113,90,41,169,113,83,138.0,14,13,15.0,10,10,11,11,4,24,9,3,27,17,8,45.0,PM10,28,17,29.0
2018-11-20,118,104,32,195,118,76,176.0,14,13,16.0,11,10,11,9,2,18,17,2,30,20,7,40.0,PM10,29,18,31.0
2018-11-21,93,65,30,173,93,56,115.0,14,13,14.0,11,10,11,6,1,15,13,2,28,19,8,43.0,PM10,28,17,30.0
2018-11-22,107,86,28,245,107,45,176.0,14,13,23.0,11,10,11,7,2,15,8,1,31,17,7,40.0,PM10,29,17,28.0
2018-11-23,125,83,42,168,125,74,165.0,14,13,16.0,10,10,11,8,1,17,38,24,51,18,7,32.0,PM10,27,16,29.0
2018-11-24,76,44,27,129,76,45,104.0,14,13,14.0,10,10,11,9,2,18,31,19,47,18,7,40.0,PM10,28,17,24.0
2018-11-25,103,64,26,142,103,49,149.0,15,13,41.0,11,10,12,10,4,21,32,27,47,10,5,41.0,PM10,28,15,28.0
2018-11-26,161,147,31,384,161,107,233.0,17,13,75.0,11,9,15,11,1,20,35,18,46,15,5,43.0,PM10,27,16,30.0
2018-11-27,138,98,34,191,138,65,211.0,14,13,14.0,10,10,11,11,5,19,36,20,43,12,8,47.0,PM10,27,16,20.0
2018-11-28,144,76,29,168,144,106,205.0,14,13,16.0,10,10,11,12,4,12,31,19,48,13,8,24.0,PM10,26,15,24.0
2018-11-29,121,86,35,201,121,87,168.0,14,13,30.0,11,10,11,12,7,27,37,26,49,22,8,42.0,PM10,27,16,25.0
2018-11-30,102,80,29,207,102,66,134.0,14,13,14.0,10,10,11,11,2,12,32,22,40,18,8,42.0,PM10,26,15,29.0
2018-12-01,93,54,26,180,93,49,133.0,14,13,18.0,10,9,11,10,7,17,18,10,28,16,8,37.0,PM10,26,16,30.0
2018-12-02,130,92,27,229,130,54,173.0,14,13,14.0,10,10,11,20,7,39,28,9,36,14,9,31.0,PM10,25,15,33.0
2018-12-03,105,58,30,159,105,73,133.0,14,13,14.0,11,10,11,14,7,32,25,18,32,18,9,37.0,PM10,24,14,35.0
2018-12-04,94,60,30,123,94,73,117.0,14,13,14.0,11,10,11,13,8,19,28,23,45,19,9,41.0,PM10,25,15,36.0
2018-12-05,122,73,34,142,122,96,172.0,13,13,14.0,10,10,11,14,11,22,34,26,47,26,8,46.0,PM10,24,13,39.0
2018-12-06,114,68,30,142,114,75,139.0,13,13,14.0,10,10,11,13,5,25,28,20,41,37,9,46.0,PM10,24,12,40.0
2018-12-07,133,87,49,216,133,104,202.0,13,13,14.0,10,10,11,14,2,29,28,12,55,16,8,36.0,PM10,23,13,43.0
2018-12-08,104,68,29,152,104,86,125.0,13,13,14.0,10,10,11,15,9,26,36,15,58,16,8,35.0,PM10,23,12,40.0
2018-12-09,109,66,29,130,109,85,131.0,13,13,14.0,11,10,11,14,4,24,32,9,49,13,7,23.0,PM10,22,13,42.0
2018-12-10,133,85,32,204,133,64,157.0,13,13,14.0,10,10,11,18,2,32,26,10,38,11,7,29.0,PM10,22,12,46.0
2018-12-11,86,54,29,94,86,44,139.0,14,13,19.0,10,10,11,15,3,28,28,12,39,9,7,16.0,PM10,23,13,35.0
2018-12-12,99,59,28,165,99,48,151.0,13,13,14.0,10,10,11,20,9,46,30,11,41,11,7,13.0,PM10,22,13,30.0
2018-12-13,64,47,26,80,64,29,85.0,13,13,14.0,11,10,11,21,10,35,32,10,42,13,8,24.0,PM10,22,11,25.0
2018-12-14,42,40,26,72,42,21,65.0,13,13,14.0,10,10,10,12,6,28,38,18,55,14,8,22.0,PM10,21,11,22.0
2018-12-15,54,32,25,72,54,31,75.0,14,13,14.0,10,10,11,11,7,24,26,12,45,14,8,29.0,PM10,20,10,15.0
2018-12-16,70,43,26,88,70,42,104.0,14,13,24.0,10,10,11,5,6,12,28,14,38,16,8,31.0,PM10,21,11,20.0
2018-12-17,70,58,226,270,70,37,108.0,14,13,14.0,10,10,11,10,3,25,24,15,32,10,7,27.0,PM10,22,12,25.0
2018-12-18,109,53,9,327,109,85,134.0,14,13,14.0,10,10,11,7,4,20,24,18,34,14,9,31.0,PM10,24,13,24.0
2018-12-19,117,35,2,118,117,60,164.0,14,14,14.0,11,10,11,19,3,25,14,10,18,18,9,37.0,PM10,25,13,24.0
2018-12-20,132,104,52,241,132,83,184.0,14,13,14.0,11,10,11,11,8,19,18,12,22,19,9,41.0,PM10,26,14,30.0
2018-12-21,124,110,30,260,124,90,155.0,16,14,47.0,11,10,12,18,10,24,21,7,31,25,4,33.0,PM10,24,12,32.0
2018-12-22,135,102,47,180,135,102,178.0,14,14,14.0,10,10,11,13,3,51,22,18,68,11,3,24.0,PM10,23,12,33.0
2018-12-23,245,215,69,328,245,165,405.0,14,13,15.0,10,10,11,23,2,58,31,19,55,5,3,12.0,PM10,24,11,35.0
2018-12-24,170,170,54,311,158,108,224.0,14,14,14.0,10,10,11,10,4,31,38,15,57,10,3,25.0,PM2.5,22,10,36.0
2018-12-25,121,104,51,198,121,77,167.0,14,13,14.0,11,10,11,12,4,29,35,22,50,7,3,20.0,PM10,23,10,39.0
2018-12-26,130,115,51,198,130,105,167.0,14,13,14.0,10,10,11,18,5,59,38,21,55,19,3,25.0,PM10,22,11,43.0
2018-12-27,198,198,56,318,187,96,290.0,14,14,14.0,10,10,11,11,5,25,42,19,54,11,11,19.0,PM2.5,23,10,45.0
2018-12-28,150,108,52,204,150,104,411.0,14,14,14.0,10,10,11,8,4,26,32,6,99,10,3,26.0,PM10,21,11,46.0
2018-12-29,135,133,53,246,135,91,164.0,14,14,14.0,10,10,11,7,3,13,35,22,57,11,3,27.0,PM10,22,10,45.0
2018-12-30,151,150,48,315,151,85,216.0,14,14,14.0,10,10,11,10,4,24,39,20,67,7,3,26.0,PM10,21,9,40.0
2018-12-31,176,158,58,319,176,130,266.0,14,14,14.0,10,10,11,8,5,18,40,17,65,18,3,45.0,PM10,21,10,46.0
2019-01-01,149,125,54,229,149,119,198.0,14,14,16.0,10,7,11,11,2,48,35,18,58,9,5,24.0,PM10,20,9,50.0
2019-01-02,220,206,52,330,220,152,274.0,14,14,15.0,10,10,11,10,3,29,34,16,54,8,4,20.0,PM10,20,8,50.0
2019-01-03,141,122,47,238,141,92,182.0,14,12,14.0,10,8,11,11,4,28,28,11,48,10,6,28.0,PM10,19,7,51.0
2019-01-04,130,112,54,200,130,100,177.0,14,12,14.0,10,9,11,18,5,44,38,22,54,11,5,17.0,PM10,18,6,53.0
2019-01-05,166,94,12,230,166,6,224.0,14,14,22.0,10,3,11,14,4,24,18,11,28,5,3,21.0,PM10,17,8,54.0
2019-01-06,86,54,29,128,86,49,157.0,14,10,16.0,11,10,11,15,6,22,26,10,34,6,4,10.0,PM10,18,7,54.0
2019-01-07,68,43,28,86,68,45,104.0,14,13,15.0,10,10,11,14,3,19,14,5,18,8,4,14.0,PM10,19,8,52.0
2019-01-08,89,48,29,93,89,48,120.0,14,12,18.0,10,8,11,12,5,22,15,6,20,11,5,21.0,PM10,19,6,53.0
2019-01-09,108,56,31,112,108,80,141.0,14,12,20.0,9,7,11,14,6,24,18,7,24,13,5,26.0,PM10,20,7,56.0
2019-01-10,116,64,31,205,116,83,163.0,14,12,18.0,10,8,12,18,10,21,25,10,45,9,5,29.0,PM10,21,8,51.0
2019-01-11,187,104,31,291,187,72,361.0,14,9,22.0,10,9,11,8,2,19,24,12,32,5,5,21.0,PM10,20,6,57.0
2019-01-12,191,123,43,303,191,145,336.0,18,10,24.0,12,8,18,11,6,24,22,10,34,6,3,17.0,PM10,21,5,45.0
2019-01-13,88,60,29,241,88,26,193.0,14,10,18.0,12,9,14,12,9,25,25,10,36,9,4,12.0,PM10,20,5,49.0
2019-01-14,74,43,30,74,74,47,126.0,14,10,18.0,9,7,12,10,7,28,20,11,28,8,4,15.0,PM10,19,6,48.0
2019-01-15,86,44,28,84,86,44,118.0,14,10,18.0,10,10,11,9,6,27,18,10,29,7,5,16.0,PM10,21,7,42.0
2019-01-16,123,81,31,280,123,87,185.0,8,2,41.0,4,3,11,10,8,14,19,8,24,11,6,20.0,PM10,22,8,45.0
2019-01-17,215,215,31,348,147,104,208.0,18,14,22.0,3,2,5,9,6,12,18,7,28,21,3,50.0,PM2.5,21,8,42.0
2019-01-18,114,114,9,326,103,63,133.0,17,14,21.0,5,5,5,10,7,18,12,5,26,24,4,52.0,PM2.5,22,9,48.0
2019-01-19,116,116,4,353,104,55,133.0,17,11,20.0,5,4,5,9,6,17,18,3,22,21,4,45.0,PM2.5,23,11,50.0
2019-01-20,169,169,4,429,155,70,315.0,18,16,32.0,5,4,5,10,8,20,16,7,30,11,3,44.0,PM2.5,23,13,58.0
2019-01-21,100,65,4,136,100,50,171.0,18,16,22.0,5,4,5,11,7,24,18,9,32,7,4,22.0,PM10,22,10,65.0
2019-01-22,70,61,2,370,70,20,90.0,19,17,23.0,4,3,6,12,8,26,19,10,28,14,3,21.0,PM10,22,9,68.0
2019-01-23,33,24,3,88,33,5,65.0,25,19,31.0,5,5,6,10,4,18,10,4,29,18,4,,PM10,21,8,64.0
2019-01-24,53,33,3,170,53,20,106.0,21,14,26.0,5,4,5,9,2,16,12,5,24,11,4,33.0,PM10,20,8,63.0
2019-01-25,47,35,4,168,47,8,71.0,18,16,20.0,5,5,5,10,5,16,11,2,22,22,5,41.0,PM10,20,7,67.0
2019-01-26,49,34,7,76,49,27,73.0,18,16,19.0,4,3,5,11,5,17,12,4,19,17,5,47.0,PM10,19,9,68.0
2019-01-27,92,26,3,82,92,48,114.0,17,16,19.0,5,14,5,8,4,12,14,6,26,20,16,48.0,PM10,18,8,74.0
2019-01-28,63,36,5,127,63,22,110.0,17,14,20.0,5,3,6,10,6,14,16,7,22,16,14,20.0,PM10,19,9,70.0
2019-01-29,31,21,5,64,31,4,70.0,18,13,20.0,5,4,5,11,7,16,18,8,24,20,16,51.0,PM10,18,10,68.0
2019-01-30,123,100,21,150,123,70,151.0,17,15,19.0,5,4,5,4,1,15,19,9,28,21,4,53.0,PM10,18,10,71.0
2019-01-31,115,78,5,302,115,73,186.0,18,16,22.0,5,3,5,5,2,10,12,5,34,11,4,34.0,PM10,18,11,74.0
2019-02-01,116,86,11,265,116,82,158.0,17,11,20.0,5,3,6,5,3,7,10,3,15,9,3,27.0,PM10,20,10,65.0
2019-02-02,83,50,5,156,83,31,140.0,46,5,148.0,4,3,7,6,1,11,8,2,12,10,2,14.0,PM10,21,9,60.0
2019-02-03,79,33,1,124,79,31,140.0,41,34,58.0,5,3,6,10,2,17,10,5,19,6,4,17.0,PM10,21,10,60.0
2019-02-04,77,64,3,247,77,34,159.0,55,21,69.0,8,4,10,11,4,21,8,2,12,8,4,18.0,PM10,22,11,58.0
2019-02-05,151,118,7,328,151,44,500.0,82,39,137.0,9,3,12,14,8,39,11,6,24,14,8,39.0,PM10,23,12,58.0
2019-02-06,133,133,55,255,121,49,480.0,78,28,178.0,10,6,45,20,10,71,20,10,35,20,16,40.0,PM2.5,22,11,57.0
2019-02-07,134,134,31,258,100,46,210.0,68,30,154.0,12,7,49,18,8,68,21,12,39,21,11,59.0,PM2.5,21,10,65.0
2019-02-08,37,26,5,80,37,17,63.0,12,5,31.0,12,2,19,8,5,11,13,4,22,24,18,58.0,PM10,20,9,66.0
2019-02-09,53,25,5,80,53,32,72.0,36,2,51.0,17,10,19,9,5,21,17,8,38,18,9,62.0,PM10,19,10,70.0
2019-02-10,76,76,25,197,70,24,180.0,44,40,51.0,17,16,18,10,4,21,24,10,98,38,9,43.0,PM2.5,17,9,74.0
2019-02-11,394,51,13,130,394,49,500.0,58,42,69.0,14,12,18,9,5,13,29,6,60,32,5,56.0,PM10,18,11,73.0
2019-02-12,79,62,3,324,79,55,109.0,43,24,51.0,15,12,20,9,5,11,24,10,54,35,6,56.0,PM10,19,10,80.0
2019-02-13,89,65,11,174,89,47,139.0,42,19,72.0,14,9,18,9,4,16,22,9,44,24,5,58.0,PM10,17,11,75.0
2019-02-14,100,100,12,329,86,32,120.0,27,19,33.0,16,16,17,10,4,16,19,6,40,19,5,50.0,PM2.5,19,12,80.0
2019-02-15,181,91,37,181,100,58,155.0,19,15,27.0,5,4,7,13,4,30,32,14,59,15,6,33.0,PM10,20,12,92.0
2019-02-16,53,53,8,208,48,10,196.0,18,12,34.0,17,16,18,10,5,15,10,8,46,9,7,33.0,PM2.5,18,11,78.0
2019-02-17,68,68,17,332,46,34,65.0,5,4,5.0,18,18,18,9,5,13,12,4,34,24,12,40.0,PM2.5,19,12,80.0
2019-02-18,84,84,18,352,72,43,109.0,5,4,6.0,18,18,19,9,5,12,9,4,28,7,5,45.0,PM2.5,18,11,75.0
2019-02-19,64,64,18,259,59,14,107.0,5,4,5.0,18,18,19,11,6,25,19,9,28,21,6,37.0,PM2.5,19,12,80.0
2019-02-20,97,86,16,304,97,51,172.0,4,4,5.0,18,18,19,13,8,29,11,5,22,12,5,37.0,PM10,20,11,83.0
2019-02-21,81,81,18,307,52,29,101.0,5,4,6.0,18,18,19,11,7,20,18,6,39,13,7,20.0,PM2.5,21,9,78.0
2019-02-22,44,41,2,184,44,29,62.0,5,4,6.0,18,18,19,10,4,23,22,10,49,27,12,44.0,PM10,22,10,68.0
2019-02-23,63,63,2,265,56,42,87.0,4,3,5.0,18,18,19,8,3,14,18,8,56,32,13,50.0,PM2.5,22,11,70.0
2019-02-24,81,59,20,190,81,56,117.0,4,3,5.0,18,18,19,8,3,12,19,7,39,35,5,57.0,PM10,21,11,71.0
2019-02-25,131,131,23,328,111,65,187.0,4,3,5.0,18,18,19,11,4,36,18,10,38,26,7,59.0,PM2.5,23,11,72.0
2019-02-26,218,218,38,449,132,78,186.0,4,3,5.0,18,18,19,12,4,27,20,12,44,24,6,57.0,PM2.5,22,10,73.0
2019-02-27,96,96,20,349,55,28,86.0,4,3,5.0,18,18,19,10,5,14,22,10,55,34,14,49.0,PM2.5,21,11,74.0
2019-02-28,88,83,14,262,88,45,137.0,5,3,29.0,18,17,19,8,3,12,23,11,54,27,5,49.0,PM10,19,10,77.0
2019-03-01,113,113,21,333,82,56,118.0,8,2,82.0,18,16,19,9,6,12,24,10,48,18,7,48.0,PM2.5,20,11,75.0
2019-03-02,88,88,20,288,82,47,152.0,4,2,10.0,18,18,19,10,6,22,20,5,50,16,7,52.0,PM2.5,21,12,81.0
2019-03-03,100,100,25,302,71,39,116.0,10,1,102.0,19,18,24,13,8,26,10,4,44,5,5,26.0,PM2.5,22,12,86.0
2019-03-04,163,163,18,428,88,42,128.0,1,1,4.0,19,19,21,13,6,35,19,12,24,5,5,6.0,PM2.5,22,11,82.0
2019-03-05,138,138,32,372,100,59,220.0,3,21,9.0,19,18,22,13,3,40,18,8,46,6,5,7.0,PM2.5,23,13,81.0
2019-03-06,144,144,21,357,89,24,135.0,5,1,44.0,20,19,22,18,7,44,20,10,39,6,5,14.0,PM2.5,23,12,70.0
2019-03-07,175,175,5,352,131,99,176.0,2,1,25.0,20,18,24,19,1,52,25,8,58,6,5,15.0,PM2.5,24,12,65.0
2019-03-08,131,97,6,189,131,100,152.0,26,1,112.0,13,6,42,14,1,53,14,10,49,7,5,33.0,PM10,23,13,70.0
2019-03-09,130,81,31,150,130,111,150.0,14,11,17.0,12,11,14,12,10,26,11,8,29,6,5,7.0,PM10,24,12,75.0
2019-03-10,131,88,18,248,131,112,166.0,17,12,21.0,11,10,12,12,9,18,10,4,24,6,5,11.0,PM10,25,13,65.0
2019-03-11,164,134,42,281,164,110,190.0,23,16,29.0,10,8,11,13,11,20,18,8,34,7,4,12.0,PM10,24,12,70.0
2019-03-12,175,80,34,147,175,41,187.0,23,13,28.0,9,7,10,14,11,25,24,7,18,9,5,20.0,PM10,24,12,68.0
2019-03-13,118,114,32,318,118,61,222.0,15,9,26.0,12,10,16,18,6,33,28,10,39,5,5,12.0,PM10,23,11,70.0
2019-03-14,76,69,27,123,76,33,112.0,17,12,24.0,12,11,15,14,8,28,20,10,29,5,5,9.0,PM10,24,12,65.0
2019-03-15,60,60,18,94,58,31,101.0,16,4,52.0,13,10,19,13,8,30,34,12,54,8,5,28.0,PM2.5,25,11,68.0
2019-03-16,56,53,2,87,56,26,70.0,11,2,18.0,13,10,16,16,6,34,28,10,49,9,5,32.0,PM10,26,13,60.0
2019-03-17,69,61,43,78,69,47,87.0,16,9,20.0,12,11,14,13,9,17,16,8,32,6,5,9.0,PM10,26,14,58.0
2019-03-18,67,58,36,95,67,38,85.0,18,13,22.0,11,10,12,13,9,16,11,4,19,6,5,10.0,PM10,27,15,63.0
2019-03-19,71,68,43,139,71,54,115.0,17,10,22.0,10,9,12,13,8,30,16,8,24,7,5,12.0,PM10,28,15,57.0
2019-03-20,71,71,13,381,70,30,111.0,14,6,40.0,14,10,17,18,9,31,18,7,38,32,7,52.0,PM2.5,29,17,56.0
2019-03-21,118,118,38,472,53,37,78.0,1,1,3.0,5,5,6,12,6,26,24,7,65,34,13,55.0,PM2.5,27,16,56.0
2019-03-22,48,42,25,61,48,35,67.0,2,1,3.0,5,5,6,11,10,12,11,6,21,41,25,55.0,PM10,29,16,55.0
2019-03-23,58,56,24,85,58,45,78.0,2,1,3.0,5,5,6,12,10,13,12,8,19,40,20,60.0,PM10,29,15,50.0
2019-03-24,54,52,34,61,54,44,68.0,1,1,2.0,5,5,6,12,9,14,19,7,36,30,13,59.0,PM10,28,16,50.0
2019-03-25,69,68,35,113,69,49,87.0,1,1,3.0,5,5,6,11,9,14,21,8,47,19,15,40.0,PM10,27,15,51.0
2019-03-26,98,98,51,155,90,59,123.0,1,1,2.0,5,5,6,13,10,19,11,7,21,34,5,59.0,PM2.5,29,15,51.0
2019-03-27,93,93,37,190,86,51,122.0,2,1,3.0,5,5,6,14,10,35,17,9,35,34,5,58.0,PM2.5,30,16,35.0
2019-03-28,103,103,21,190,94,70,122.0,2,1,3.0,5,5,6,14,10,35,19,10,28,54,5,58.0,PM2.5,31,17,32.0
2019-03-29,80,78,43,126,80,57,103.0,13,6,17.0,11,9,19,14,10,49,24,12,44,49,18,67.0,PM10,32,17,30.0
2019-03-30,91,91,32,173,87,49,112.0,13,2,51.0,17,9,75,16,8,36,22,10,35,41,11,71.0,PM2.5,33,20,20.0
2019-03-31,77,68,34,98,77,55,101.0,12,2,42.0,15,5,61,16,10,28,28,8,39,40,18,75.0,PM10,35,20,5.0
